,order_id,order_date,customer_id,status,total_amount_x,total_amount_y
0,1,2024-03-06,95,Shipped,0.0,906.97
1,2,2025-01-03,41,Shipped,0.0,711.0899999999999
2,3,2024-08-14,140,Cancelled,0.0,191.95
3,4,2024-01-16,78,Cancelled,0.0,318.65999999999997
4,5,2024-09-24,168,Cancelled,0.0,141.11
5,6,2023-11-13,3,Cancelled,0.0,259.08000000000004
6,7,2025-02-14,142,Shipped,0.0,256.4
7,8,2025-07-29,170,Completed,0.0,571.5500000000001
8,9,2025-06-18,35,Shipped,0.0,755.9300000000001
9,10,2024-10-19,30,Completed,0.0,73.1
10,11,2024-10-23,191,Cancelled,0.0,777.14
11,12,2024-08-04,40,Shipped,0.0,583.9399999999999
12,13,2024-02-07,73,Cancelled,0.0,128.36
13,14,2025-04-03,54,Cancelled,0.0,869.99
14,15,2024-08-04,88,Completed,0.0,313.87
15,16,2025-04-21,176,Cancelled,0.0,484.19999999999993
16,17,2024-06-14,68,Cancelled,0.0,139.98
17,18,2023-12-28,126,Shipped,0.0,657.6800000000001
18,19,2023-10-15,14,Completed,0.0,159.83
19,20,2023-10-17,163,Shipped,0.0,321.46999999999997
20,21,2024-12-26,71,Completed,0.0,382.09
21,22,2024-07-02,1,Shipped,0.0,122.46
22,23,2024-05-04,198,Completed,0.0,686.3299999999999
23,24,2024-06-27,164,Shipped,0.0,400.72
24,25,2024-06-17,42,Cancelled,0.0,755.11
25,26,2024-07-30,114,Cancelled,0.0,368.87
26,27,2025-06-03,181,Shipped,0.0,559.61
27,28,2025-02-19,144,Completed,0.0,655.01
28,29,2023-09-14,29,Completed,0.0,724.02
29,30,2025-01-07,177,Completed,0.0,588.21
30,31,2024-12-22,140,Completed,0.0,199.10000000000002
31,32,2024-12-16,95,Cancelled,0.0,125.19
32,33,2023-10-18,142,Completed,0.0,334.57
33,34,2023-09-19,111,Completed,0.0,339.55
34,35,2024-06-10,11,Shipped,0.0,567.05
35,36,2025-02-18,94,Completed,0.0,400.98
36,37,2024-04-22,92,Completed,0.0,321.88
37,38,2025-04-15,175,Completed,0.0,335.95
38,39,2025-06-02,171,Completed,0.0,678.6199999999999
39,40,2023-10-26,91,Cancelled,0.0,1184.32
40,41,2024-02-12,105,Cancelled,0.0,912.4
41,42,2023-12-29,192,Completed,0.0,305.46
42,43,2023-12-28,61,Completed,0.0,33.14
43,44,2024-09-22,46,Shipped,0.0,542.5
44,45,2024-07-16,7,Completed,0.0,485.45
45,46,2023-11-19,189,Shipped,0.0,131.9
46,47,2024-06-25,106,Cancelled,0.0,466.62
47,48,2023-12-23,189,Completed,0.0,557.87
48,49,2024-03-06,69,Completed,0.0,401.84000000000003
49,50,2024-07-27,180,Completed,0.0,410.09000000000003
50,51,2024-02-13,98,Completed,0.0,666.1500000000001
51,52,2025-06-12,121,Completed,0.0,267.63
52,53,2025-07-20,52,Shipped,0.0,350.47
53,54,2023-09-30,90,Shipped,0.0,267.07
54,55,2024-07-12,59,Completed,0.0,687.14
55,56,2025-04-21,7,Cancelled,0.0,54.08
56,57,2025-06-02,50,Shipped,0.0,505.18
57,58,2025-05-28,85,Shipped,0.0,404.98
58,59,2024-10-03,18,Shipped,0.0,521.87
59,60,2023-10-18,90,Cancelled,0.0,738.54
60,61,2023-09-11,131,Shipped,0.0,396.14
61,62,2024-12-21,174,Cancelled,0.0,174.14
62,63,2024-09-25,85,Completed,0.0,685.8299999999999
63,64,2025-05-13,30,Shipped,0.0,156.06
64,65,2023-08-14,46,Cancelled,0.0,323.54999999999995
65,66,2023-10-14,68,Completed,0.0,660.7
66,67,2025-07-22,28,Cancelled,0.0,136.09
67,68,2025-03-10,112,Shipped,0.0,928.39
68,69,2025-05-23,187,Shipped,0.0,189.74
69,70,2024-02-02,112,Cancelled,0.0,27.04
70,71,2023-12-10,131,Completed,0.0,670.8
71,72,2024-06-13,99,Cancelled,0.0,507.70000000000005
72,73,2024-08-14,49,Shipped,0.0,467.90999999999997
73,74,2024-08-10,12,Cancelled,0.0,277.22
74,75,2024-01-16,112,Completed,0.0,430.92
75,76,2025-06-04,134,Cancelled,0.0,352.85
76,77,2024-06-09,176,Cancelled,0.0,122.46
77,78,2025-07-03,190,Cancelled,0.0,460.36
78,79,2023-09-17,172,Completed,0.0,423.94000000000005
79,80,2023-12-08,94,Shipped,0.0,561.58
80,81,2024-05-23,18,Cancelled,0.0,119.41
81,82,2023-08-04,85,Cancelled,0.0,405.22999999999996
82,83,2024-06-01,81,Cancelled,0.0,338.01
83,84,2024-02-24,32,Cancelled,0.0,332.53000000000003
84,85,2025-07-22,77,Cancelled,0.0,700.17
85,86,2025-04-03,80,Cancelled,0.0,332.69
86,87,2025-04-03,105,Shipped,0.0,874.3
87,88,2024-07-21,104,Cancelled,0.0,147.1
88,89,2024-03-11,76,Cancelled,0.0,848.2600000000001
89,90,2024-06-26,33,Completed,0.0,220.20999999999998
90,91,2025-01-25,108,Cancelled,0.0,464.16
91,92,2025-02-20,98,Cancelled,0.0,138.76999999999998
92,93,2025-04-02,192,Completed,0.0,159.98
93,94,2024-10-07,158,Cancelled,0.0,632.51
94,95,2024-12-29,78,Shipped,0.0,66.76
95,96,2025-02-11,141,Completed,0.0,334.92
96,97,2024-08-15,78,Shipped,0.0,299.88
97,98,2023-12-01,54,Shipped,0.0,664.0300000000001
98,99,2023-12-28,149,Cancelled,0.0,397.87
99,100,2024-03-20,168,Shipped,0.0,896.1699999999998
100,101,2024-01-19,120,Shipped,0.0,671.7
101,102,2023-09-17,114,Cancelled,0.0,404.73
102,103,2024-10-25,55,Cancelled,0.0,31.1
103,104,2025-02-24,122,Cancelled,0.0,801.0899999999999
104,105,2024-09-27,44,Cancelled,0.0,138.54000000000002
105,106,2023-09-19,22,Shipped,0.0,428.7300000000001
106,107,2025-03-05,132,Cancelled,0.0,594.6199999999999
107,108,2024-04-02,163,Cancelled,0.0,219.96
108,109,2023-09-16,86,Completed,0.0,639.0699999999999
109,110,2023-09-10,193,Completed,0.0,121.76
110,111,2024-10-29,173,Shipped,0.0,193.20999999999998
111,112,2024-08-07,58,Completed,0.0,979.17
112,113,2024-08-27,38,Completed,0.0,281.73
113,114,2025-07-17,12,Completed,0.0,504.78999999999996
114,115,2025-05-26,122,Cancelled,0.0,291.39
115,116,2024-09-18,197,Completed,0.0,525.55
116,117,2023-12-03,117,Shipped,0.0,257.54999999999995
117,118,2023-09-16,162,Cancelled,0.0,146.2
118,119,2024-08-31,50,Cancelled,0.0,443.68999999999994
119,120,2023-10-04,179,Shipped,0.0,25.38
120,121,2025-05-25,127,Shipped,0.0,107.1
121,122,2023-12-25,63,Completed,0.0,726.6500000000001
122,123,2023-09-25,168,Cancelled,0.0,442.29999999999995
123,124,2024-11-07,2,Completed,0.0,404.53000000000003
124,125,2023-09-24,200,Shipped,0.0,570.66
125,126,2025-01-08,57,Completed,0.0,695.16
126,127,2025-06-02,179,Cancelled,0.0,273.85
127,128,2024-02-01,119,Completed,0.0,973.0500000000001
128,129,2024-06-11,143,Completed,0.0,328.0
129,130,2023-11-04,32,Shipped,0.0,434.36999999999995
130,131,2025-06-24,35,Shipped,0.0,281.84
131,132,2024-10-18,171,Cancelled,0.0,543.4
132,133,2024-02-10,144,Cancelled,0.0,160.84
133,134,2024-10-25,82,Shipped,0.0,733.63
134,135,2024-11-06,157,Cancelled,0.0,685.34
135,136,2023-09-02,130,Shipped,0.0,361.65
136,137,2024-11-26,141,Shipped,0.0,369.0
137,138,2023-10-05,41,Cancelled,0.0,134.7
138,139,2024-06-23,122,Shipped,0.0,321.56
139,140,2024-12-25,67,Completed,0.0,331.09000000000003
140,141,2024-10-29,164,Shipped,0.0,226.61
141,142,2024-10-15,197,Cancelled,0.0,639.21
142,143,2024-09-12,125,Cancelled,0.0,262.19
143,144,2024-04-04,62,Shipped,0.0,553.9200000000001
144,145,2025-07-29,113,Completed,0.0,560.0200000000001
145,146,2024-02-21,183,Shipped,0.0,129.73000000000002
146,147,2024-01-08,61,Shipped,0.0,288.32
147,148,2025-01-04,86,Shipped,0.0,68.58
148,149,2025-02-09,139,Completed,0.0,782.8400000000001
149,150,2024-04-03,36,Completed,0.0,851.4100000000001
150,151,2024-02-04,60,Shipped,0.0,449.33000000000004
151,152,2024-02-25,178,Completed,0.0,421.65
152,153,2024-06-05,181,Completed,0.0,946.1399999999999
153,154,2023-11-12,17,Shipped,0.0,713.82
154,155,2025-01-05,105,Shipped,0.0,533.91
155,156,2024-12-16,139,Shipped,0.0,567.98
156,157,2024-03-23,107,Completed,0.0,364.65000000000003
157,158,2024-07-23,53,Shipped,0.0,7.64
158,159,2024-04-04,100,Cancelled,0.0,81.12
159,160,2025-07-24,179,Completed,0.0,22.66
160,161,2025-03-08,196,Cancelled,0.0,93.50999999999999
161,162,2025-07-29,98,Shipped,0.0,355.76
162,163,2023-09-28,2,Shipped,0.0,340.94
163,164,2023-08-10,77,Shipped,0.0,343.40000000000003
164,165,2024-07-23,108,Cancelled,0.0,7.64
165,166,2024-11-27,192,Cancelled,0.0,458.28000000000003
166,167,2024-10-13,140,Cancelled,0.0,111.64
167,168,2023-10-19,57,Shipped,0.0,379.99
168,169,2023-09-28,57,Shipped,0.0,696.69
169,170,2024-09-23,112,Shipped,0.0,131.9
170,171,2024-01-15,8,Shipped,0.0,271.91
171,172,2024-08-29,87,Cancelled,0.0,271.64
172,173,2024-02-24,174,Shipped,0.0,179.32
173,174,2023-11-13,186,Completed,0.0,262.39
174,175,2025-07-27,120,Completed,0.0,138.35999999999999
175,176,2024-04-30,160,Cancelled,0.0,952.07
176,177,2025-06-17,7,Shipped,0.0,358.15
177,178,2023-09-25,152,Cancelled,0.0,365.87
178,179,2025-06-15,170,Completed,0.0,356.96
179,180,2024-02-08,22,Cancelled,0.0,56.37
180,181,2024-05-16,110,Completed,0.0,124.87
181,182,2024-03-11,119,Completed,0.0,930.6700000000001
182,183,2023-12-03,13,Shipped,0.0,56.37
183,184,2024-07-08,98,Shipped,0.0,820.88
184,185,2025-05-11,55,Shipped,0.0,465.96
185,186,2024-09-27,84,Shipped,0.0,488.74
186,187,2025-01-30,195,Shipped,0.0,115.09
187,188,2024-03-24,72,Shipped,0.0,332.88
188,189,2024-11-20,65,Completed,0.0,672.69
189,190,2025-04-20,121,Completed,0.0,916.24
190,191,2024-12-22,192,Cancelled,0.0,351.12
191,192,2024-09-16,14,Shipped,0.0,276.94
192,193,2023-08-09,58,Cancelled,0.0,456.18
193,194,2025-01-02,18,Cancelled,0.0,638.1600000000001
194,195,2025-04-28,11,Completed,0.0,816.27
195,196,2024-10-06,64,Completed,0.0,31.1
196,197,2024-03-22,6,Cancelled,0.0,332.23
197,198,2025-07-26,40,Completed,0.0,544.16
198,199,2024-12-30,33,Shipped,0.0,559.4300000000001
199,200,2023-10-22,172,Completed,0.0,106.22
200,201,2025-08-01,145,Completed,0.0,345.03999999999996
201,202,2025-06-15,120,Cancelled,0.0,242.06
202,203,2023-11-15,66,Shipped,0.0,318.32
203,204,2024-02-24,43,Cancelled,0.0,489.15
204,205,2023-10-31,156,Cancelled,0.0,7.64
205,206,2025-06-24,184,Completed,0.0,210.76
206,207,2023-10-25,200,Completed,0.0,54.449999999999996
207,208,2025-03-01,80,Completed,0.0,73.94
208,209,2024-10-05,149,Completed,0.0,125.94
209,210,2023-12-01,80,Cancelled,0.0,76.86
210,211,2024-03-01,174,Shipped,0.0,173.3
211,212,2024-03-08,102,Cancelled,0.0,15.55
212,213,2024-11-14,51,Completed,0.0,252.32
213,214,2024-01-13,152,Cancelled,0.0,419.02
214,215,2025-02-10,161,Completed,0.0,323.73
215,216,2024-04-25,27,Cancelled,0.0,637.86
216,217,2024-01-08,198,Shipped,0.0,542.96
217,218,2025-01-17,176,Cancelled,0.0,492.74999999999994
218,219,2024-12-07,31,Cancelled,0.0,488.93999999999994
219,220,2025-05-26,11,Shipped,0.0,409.93999999999994
220,221,2024-02-24,137,Shipped,0.0,385.28
221,222,2024-08-29,170,Shipped,0.0,947.16
222,223,2024-08-16,18,Cancelled,0.0,732.7700000000001
223,224,2024-02-14,166,Shipped,0.0,104.34
224,225,2025-07-06,4,Shipped,0.0,187.82
225,226,2025-07-08,126,Completed,0.0,230.42000000000002
226,227,2025-05-21,111,Shipped,0.0,579.88
227,228,2023-09-11,163,Shipped,0.0,705.5400000000001
228,229,2023-10-13,182,Completed,0.0,547.9599999999999
229,230,2024-12-07,112,Completed,0.0,845.5
230,231,2024-06-27,188,Cancelled,0.0,444.17999999999995
231,232,2025-05-08,167,Shipped,0.0,503.38
232,233,2024-03-04,158,Cancelled,0.0,191.33
233,234,2023-09-06,199,Shipped,0.0,200.02
234,235,2023-08-05,120,Shipped,0.0,153.51000000000002
235,236,2024-04-18,188,Cancelled,0.0,54.08
236,237,2025-03-23,69,Shipped,0.0,358.43
237,238,2023-11-12,63,Completed,0.0,25.38
238,239,2024-12-09,72,Shipped,0.0,527.83
239,240,2024-02-22,63,Shipped,0.0,568.9599999999999
240,241,2023-12-06,146,Cancelled,0.0,197.76
241,242,2025-02-28,172,Shipped,0.0,589.61
242,243,2024-07-11,87,Completed,0.0,251.35
243,244,2024-10-04,127,Shipped,0.0,495.03999999999996
244,245,2025-02-01,47,Shipped,0.0,89.66
245,246,2024-06-30,55,Shipped,0.0,812.1800000000001
246,247,2024-10-11,67,Shipped,0.0,117.95
247,248,2023-08-10,72,Cancelled,0.0,465.15999999999997
248,249,2023-10-28,180,Shipped,0.0,317.74
249,250,2023-09-30,143,Completed,0.0,91.99
250,251,2025-06-18,133,Completed,0.0,589.1
251,252,2025-01-20,22,Completed,0.0,27.04
252,253,2025-07-05,185,Shipped,0.0,681.31
253,254,2023-11-26,126,Cancelled,0.0,270.0
254,255,2024-09-29,195,Completed,0.0,688.8299999999999
255,256,2023-08-30,177,Shipped,0.0,511.24
256,257,2025-05-12,166,Cancelled,0.0,556.3899999999999
257,258,2024-05-15,126,Shipped,0.0,405.08
258,259,2024-10-28,5,Completed,0.0,381.77
259,260,2024-10-05,76,Completed,0.0,128.36
260,261,2023-11-26,104,Cancelled,0.0,703.69
261,262,2024-07-01,63,Shipped,0.0,199.93999999999997
262,263,2023-11-09,170,Cancelled,0.0,721.36
263,264,2023-09-04,95,Shipped,0.0,45.32
264,265,2024-03-29,142,Cancelled,0.0,408.13
265,266,2024-05-12,89,Shipped,0.0,377.91999999999996
266,267,2025-07-01,191,Cancelled,0.0,381.83000000000004
267,268,2025-07-27,85,Shipped,0.0,234.0
268,269,2025-04-12,180,Shipped,0.0,356.65999999999997
269,270,2025-06-01,70,Shipped,0.0,252.42
270,271,2023-09-02,65,Completed,0.0,226.51999999999998
271,272,2025-07-01,31,Cancelled,0.0,457.29999999999995
272,273,2024-05-06,50,Shipped,0.0,579.4
273,274,2024-01-13,31,Cancelled,0.0,423.57
274,275,2025-01-13,138,Cancelled,0.0,490.87
275,276,2024-02-12,48,Completed,0.0,491.13
276,277,2025-01-02,56,Cancelled,0.0,574.74
277,278,2023-10-21,124,Shipped,0.0,209.54
278,279,2024-05-03,186,Cancelled,0.0,498.4600000000001
279,280,2025-03-30,195,Cancelled,0.0,121.76
280,281,2024-10-10,153,Shipped,0.0,918.9000000000001
281,282,2025-06-19,26,Completed,0.0,578.15
282,283,2025-06-12,76,Completed,0.0,247.38
283,284,2024-06-13,93,Completed,0.0,454.43
284,285,2024-11-27,78,Completed,0.0,34.78
285,286,2025-03-07,182,Cancelled,0.0,350.93
286,287,2023-12-01,33,Shipped,0.0,450.78000000000003
287,288,2025-07-22,12,Completed,0.0,931.25
288,289,2025-07-25,142,Shipped,0.0,517.4
289,290,2024-02-02,179,Completed,0.0,550.71
290,291,2025-06-04,164,Shipped,0.0,849.9
291,292,2023-12-07,27,Completed,0.0,12.69
292,293,2025-04-15,147,Shipped,0.0,340.62
293,294,2025-04-23,121,Shipped,0.0,22.919999999999998
294,295,2023-12-18,113,Shipped,0.0,310.2
295,296,2025-06-17,48,Completed,0.0,131.9
296,297,2024-06-18,65,Shipped,0.0,15.55
297,298,2023-08-22,30,Completed,0.0,106.6
298,299,2023-12-20,103,Shipped,0.0,404.89000000000004
299,300,2025-02-25,19,Cancelled,0.0,604.98
300,301,2025-07-21,162,Cancelled,0.0,61.23
301,302,2024-04-17,14,Completed,0.0,365.20000000000005
302,303,2025-04-01,39,Cancelled,0.0,95.53999999999999
303,304,2025-07-25,78,Completed,0.0,615.1699999999998
304,305,2024-06-17,64,Completed,0.0,230.16
305,306,2025-04-17,143,Shipped,0.0,27.04
306,307,2025-01-04,156,Cancelled,0.0,365.15999999999997
307,308,2025-06-04,159,Completed,0.0,680.09
308,309,2025-02-23,199,Cancelled,0.0,377.52
309,310,2025-04-23,98,Shipped,0.0,630.8399999999999
310,311,2024-02-11,114,Shipped,0.0,25.5
311,312,2024-02-26,151,Shipped,0.0,417.6
312,313,2023-12-04,79,Cancelled,0.0,511.26
313,314,2025-04-05,159,Completed,0.0,437.63
314,315,2025-01-28,157,Cancelled,0.0,219.29999999999998
315,316,2023-10-25,26,Completed,0.0,700.19
316,317,2024-05-26,161,Completed,0.0,159.89999999999998
317,318,2025-06-10,68,Cancelled,0.0,789.79
318,319,2023-09-02,21,Completed,0.0,321.97999999999996
319,320,2025-05-30,62,Completed,0.0,302.1
320,321,2024-08-02,142,Completed,0.0,239.33
321,322,2024-01-22,41,Completed,0.0,45.32
322,323,2024-01-05,105,Shipped,0.0,287.91999999999996
323,324,2025-04-28,177,Cancelled,0.0,321.73
324,325,2025-07-16,121,Shipped,0.0,851.1700000000001
325,326,2024-07-25,9,Completed,0.0,41.73
326,327,2024-04-30,74,Cancelled,0.0,247.10999999999999
327,328,2024-03-27,73,Cancelled,0.0,56.37
328,329,2025-05-01,117,Completed,0.0,466.64
329,330,2025-04-11,176,Completed,0.0,486.56
330,331,2025-06-09,68,Cancelled,0.0,754.11
331,332,2024-01-26,151,Cancelled,0.0,349.62
332,333,2024-01-23,51,Shipped,0.0,37.21
333,334,2023-08-21,30,Cancelled,0.0,559.06
334,335,2024-12-27,58,Cancelled,0.0,480.63999999999993
335,336,2023-12-31,39,Shipped,0.0,730.07
336,337,2024-06-07,37,Completed,0.0,544.54
337,338,2024-04-13,16,Completed,0.0,365.32
338,339,2024-03-06,79,Cancelled,0.0,361.37
339,340,2025-06-04,192,Cancelled,0.0,328.15
340,341,2023-09-25,74,Shipped,0.0,673.58
341,342,2025-03-25,32,Shipped,0.0,61.23
342,343,2024-03-06,177,Shipped,0.0,349.62
343,344,2024-05-01,180,Shipped,0.0,316.11
344,345,2024-12-13,70,Cancelled,0.0,345.27
345,346,2024-09-01,139,Shipped,0.0,98.88
346,347,2024-06-08,113,Completed,0.0,157.41
347,348,2025-01-11,154,Completed,0.0,451.10999999999996
348,349,2025-05-19,111,Cancelled,0.0,224.04000000000002
349,350,2024-09-22,83,Cancelled,0.0,981.53
350,351,2024-04-16,65,Completed,0.0,541.96
351,352,2025-08-01,24,Completed,0.0,211.47
352,353,2023-08-24,173,Cancelled,0.0,223.48999999999998
353,354,2023-10-31,151,Completed,0.0,288.59
354,355,2025-06-14,196,Cancelled,0.0,264.68
355,356,2024-02-21,69,Cancelled,0.0,544.1
356,357,2023-12-19,11,Completed,0.0,481.69
357,358,2024-10-26,121,Cancelled,0.0,303.25
358,359,2024-02-25,167,Shipped,0.0,442.34000000000003
359,360,2023-09-01,72,Completed,0.0,475.36
360,361,2023-10-26,150,Shipped,0.0,744.0899999999999
361,362,2024-11-08,163,Shipped,0.0,546.03
362,363,2024-07-05,24,Shipped,0.0,50.26
363,364,2024-04-27,90,Shipped,0.0,166.82
364,365,2025-02-18,86,Shipped,0.0,468.14
365,366,2025-04-04,172,Completed,0.0,570.2
366,367,2024-04-02,42,Shipped,0.0,174.44
367,368,2024-07-06,106,Cancelled,0.0,419.24
368,369,2024-11-15,127,Shipped,0.0,484.52
369,370,2024-09-03,170,Shipped,0.0,567.09
370,371,2023-10-31,195,Cancelled,0.0,365.82
371,372,2024-05-28,10,Shipped,0.0,243.53
372,373,2025-07-01,23,Shipped,0.0,278.79999999999995
373,374,2024-10-23,65,Shipped,0.0,411.97999999999996
374,375,2023-12-28,30,Shipped,0.0,445.73999999999995
375,376,2024-02-16,132,Completed,0.0,76.46000000000001
376,377,2023-09-06,169,Cancelled,0.0,420.48
377,378,2025-02-03,119,Shipped,0.0,842.94
378,379,2024-07-06,14,Completed,0.0,627.1899999999999
379,380,2023-08-04,133,Shipped,0.0,565.5899999999999
380,381,2024-09-09,160,Shipped,0.0,310.85
381,382,2025-07-21,161,Shipped,0.0,261.73
382,383,2025-04-20,195,Completed,0.0,653.8599999999999
383,384,2024-09-24,53,Shipped,0.0,73.0
384,385,2025-01-17,141,Completed,0.0,313.17
385,386,2025-02-11,74,Shipped,0.0,455.19
386,387,2025-08-02,179,Shipped,0.0,475.5899999999999
387,388,2025-03-01,32,Completed,0.0,678.4399999999999
388,389,2025-02-25,162,Cancelled,0.0,362.46999999999997
389,390,2025-01-04,62,Cancelled,0.0,36.5
390,391,2024-01-03,41,Shipped,0.0,122.46
391,392,2024-05-11,142,Completed,0.0,304.84
392,393,2024-07-02,142,Shipped,0.0,54.449999999999996
393,394,2023-09-26,24,Completed,0.0,154.22000000000003
394,395,2024-12-30,30,Shipped,0.0,341.11
395,396,2025-07-18,31,Cancelled,0.0,456.91
396,397,2024-04-15,40,Shipped,0.0,295.13
397,398,2024-11-29,184,Shipped,0.0,64.18
398,399,2024-04-02,131,Cancelled,0.0,533.85
399,400,2024-12-30,70,Shipped,0.0,191.96000000000004
400,401,2025-05-22,124,Shipped,0.0,602.48
401,402,2023-11-07,63,Shipped,0.0,22.919999999999998
402,403,2025-02-12,142,Completed,0.0,683.27
403,404,2025-07-02,99,Completed,0.0,592.25
404,405,2024-03-23,154,Cancelled,0.0,712.73
405,406,2024-08-30,192,Completed,0.0,371.17
406,407,2024-03-30,18,Shipped,0.0,68.6
407,408,2025-01-01,198,Shipped,0.0,497.39
408,409,2024-06-15,88,Cancelled,0.0,520.92
409,410,2024-04-12,69,Completed,0.0,624.5799999999999
410,411,2024-06-10,73,Cancelled,0.0,593.9
411,412,2025-01-25,77,Cancelled,0.0,273.49
412,413,2024-03-19,149,Cancelled,0.0,685.63
413,414,2024-10-06,126,Completed,0.0,385.67
414,415,2023-11-09,115,Cancelled,0.0,630.3199999999999
415,416,2023-12-30,124,Shipped,0.0,35.61
416,417,2024-06-24,86,Cancelled,0.0,213.92000000000002
417,418,2024-12-31,196,Cancelled,0.0,650.54
418,419,2025-08-02,97,Shipped,0.0,998.56
419,420,2024-05-23,83,Completed,0.0,159.98
420,421,2025-01-10,179,Completed,0.0,887.77
421,422,2025-03-06,147,Shipped,0.0,536.31
422,423,2025-07-04,60,Shipped,0.0,181.36
423,424,2023-12-16,12,Shipped,0.0,469.45
424,425,2024-11-23,191,Shipped,0.0,984.3900000000001
425,426,2024-10-18,181,Shipped,0.0,90.9
426,427,2024-03-23,99,Cancelled,0.0,394.71
427,428,2024-06-13,167,Completed,0.0,411.14
428,429,2024-10-01,127,Completed,0.0,501.27
429,430,2025-05-11,33,Cancelled,0.0,433.4
430,431,2023-08-03,152,Shipped,0.0,221.51999999999998
431,432,2024-03-26,26,Shipped,0.0,590.62
432,433,2024-03-12,26,Cancelled,0.0,464.41
433,434,2024-01-13,117,Completed,0.0,585.37
434,435,2024-07-01,185,Completed,0.0,465.64000000000004
435,436,2025-04-04,105,Cancelled,0.0,908.4300000000001
436,437,2024-10-26,40,Completed,0.0,332.93
437,438,2024-11-16,121,Shipped,0.0,337.58000000000004
438,439,2024-12-23,87,Cancelled,0.0,667.4000000000001
439,440,2024-04-09,178,Shipped,0.0,472.16999999999996
440,441,2024-07-29,167,Completed,0.0,588.45
441,442,2024-07-11,85,Cancelled,0.0,915.85
442,443,2024-07-11,137,Shipped,0.0,536.34
443,444,2025-01-08,82,Cancelled,0.0,348.47
444,445,2024-01-15,184,Shipped,0.0,65.95
445,446,2024-09-03,139,Completed,0.0,126.03999999999999
446,447,2024-08-04,159,Completed,0.0,583.15
447,448,2025-04-10,61,Cancelled,0.0,318.65999999999997
448,449,2025-07-02,176,Shipped,0.0,388.69
449,450,2025-04-12,59,Cancelled,0.0,45.32
450,451,2025-02-24,24,Shipped,0.0,523.6800000000001
451,452,2023-12-12,26,Cancelled,0.0,497.9
452,453,2024-12-26,181,Completed,0.0,451.58000000000004
453,454,2023-10-07,114,Completed,0.0,456.90999999999997
454,455,2024-03-10,178,Shipped,0.0,316.14
455,456,2024-09-06,8,Completed,0.0,81.82
456,457,2024-12-30,84,Completed,0.0,765.5
457,458,2024-12-06,76,Shipped,0.0,396.39
458,459,2024-11-25,96,Shipped,0.0,603.88
459,460,2024-04-19,38,Completed,0.0,203.86
460,461,2023-10-14,136,Shipped,0.0,679.1800000000001
461,462,2025-04-29,145,Cancelled,0.0,312.04999999999995
462,463,2025-03-08,47,Completed,0.0,98.88
463,464,2024-02-01,45,Completed,0.0,558.6400000000001
464,465,2025-01-06,157,Shipped,0.0,467.94000000000005
465,466,2024-03-31,159,Cancelled,0.0,169.10999999999999
466,467,2024-01-24,62,Shipped,0.0,1004.2
467,468,2025-04-20,150,Completed,0.0,528.65
468,469,2024-01-04,60,Shipped,0.0,170.23
469,470,2023-11-25,164,Shipped,0.0,268.98
470,471,2023-08-21,118,Shipped,0.0,885.98
471,472,2023-09-07,171,Completed,0.0,41.97
472,473,2024-02-09,120,Shipped,0.0,455.7
473,474,2024-08-06,174,Cancelled,0.0,27.98
474,475,2024-11-19,41,Completed,0.0,446.05
475,476,2025-05-24,114,Shipped,0.0,667.03
476,477,2025-03-21,151,Shipped,0.0,410.59
477,478,2023-09-28,164,Shipped,0.0,474.1
478,479,2024-07-21,177,Shipped,0.0,63.64
479,480,2024-06-19,117,Shipped,0.0,636.91
480,481,2025-06-21,51,Shipped,0.0,234.0
481,482,2024-12-04,124,Completed,0.0,945.55
482,483,2024-10-23,61,Shipped,0.0,467.84000000000003
483,484,2024-01-01,147,Shipped,0.0,302.69
484,485,2025-02-10,148,Shipped,0.0,876.4599999999999
485,486,2025-01-24,180,Shipped,0.0,512.51
486,487,2024-05-27,6,Cancelled,0.0,294.78000000000003
487,488,2024-08-20,102,Shipped,0.0,654.15
488,489,2024-06-08,3,Cancelled,0.0,522.64
489,490,2024-02-08,176,Cancelled,0.0,340.98
490,491,2023-11-25,13,Cancelled,0.0,450.27
491,492,2024-12-24,191,Shipped,0.0,523.4
492,493,2025-01-18,74,Completed,0.0,825.0699999999999
493,494,2023-08-07,156,Shipped,0.0,243.01
494,495,2025-06-26,57,Cancelled,0.0,548.89
495,496,2025-03-08,49,Cancelled,0.0,35.98
496,497,2025-06-01,65,Cancelled,0.0,437.76
497,498,2025-03-23,194,Cancelled,0.0,439.46
498,499,2025-06-20,197,Cancelled,0.0,703.8299999999999
499,500,2023-10-24,175,Completed,0.0,128.59
500,501,2025-03-29,161,Completed,0.0,499.08000000000004
501,502,2024-06-28,161,Cancelled,0.0,297.9
502,503,2024-01-19,11,Shipped,0.0,157.41
503,504,2023-12-17,113,Completed,0.0,753.1899999999999
504,505,2025-04-18,149,Shipped,0.0,462.8399999999999
505,506,2025-01-24,188,Completed,0.0,41.97
506,507,2024-09-08,24,Shipped,0.0,612.23
507,508,2024-07-28,84,Cancelled,0.0,781.48
508,509,2023-09-11,107,Completed,0.0,359.52
509,510,2024-10-08,52,Completed,0.0,691.34
510,511,2024-02-12,139,Shipped,0.0,530.3499999999999
511,512,2025-07-15,136,Cancelled,0.0,578.4200000000001
512,513,2025-05-22,70,Completed,0.0,13.52
513,514,2023-11-05,66,Shipped,0.0,335.10999999999996
514,515,2024-07-22,76,Cancelled,0.0,720.85
515,516,2023-11-14,87,Completed,0.0,694.6600000000001
516,517,2025-04-16,120,Completed,0.0,852.94
517,518,2024-07-28,37,Completed,0.0,104.96000000000001
518,519,2025-01-02,174,Cancelled,0.0,317.78999999999996
519,520,2024-09-18,173,Shipped,0.0,519.9499999999999
520,521,2024-10-10,143,Shipped,0.0,415.63
521,522,2024-11-07,24,Shipped,0.0,757.61
522,523,2024-04-05,4,Shipped,0.0,115.09
523,524,2025-03-11,138,Completed,0.0,116.37999999999998
524,525,2025-06-25,117,Shipped,0.0,497.06
525,526,2024-07-11,173,Cancelled,0.0,64.18
526,527,2024-11-20,173,Shipped,0.0,506.53000000000003
527,528,2025-04-27,150,Shipped,0.0,734.3299999999999
528,529,2025-02-11,164,Shipped,0.0,545.26
529,530,2025-06-25,28,Cancelled,0.0,58.6
530,531,2024-08-29,60,Shipped,0.0,312.83
531,532,2024-06-29,7,Cancelled,0.0,673.26
532,533,2025-05-09,144,Shipped,0.0,353.5
533,534,2025-07-07,157,Completed,0.0,580.6
534,535,2024-10-01,166,Completed,0.0,450.17
535,536,2024-07-14,163,Shipped,0.0,657.2700000000001
536,537,2025-06-29,180,Shipped,0.0,79.99
537,538,2023-12-04,167,Shipped,0.0,839.04
538,539,2025-03-02,30,Completed,0.0,52.06
539,540,2025-06-02,12,Completed,0.0,95.81
540,541,2024-08-05,78,Shipped,0.0,225.62
541,542,2024-07-17,30,Completed,0.0,219.29999999999998
542,543,2024-02-20,61,Cancelled,0.0,1032.15
543,544,2025-03-08,35,Shipped,0.0,434.33000000000004
544,545,2024-02-11,117,Shipped,0.0,422.68
545,546,2025-05-16,172,Cancelled,0.0,532.92
546,547,2024-12-10,179,Cancelled,0.0,818.09
547,548,2024-03-05,108,Cancelled,0.0,232.89999999999998
548,549,2025-03-19,191,Cancelled,0.0,502.94000000000005
549,550,2025-03-29,40,Shipped,0.0,530.04
550,551,2024-09-10,168,Completed,0.0,699.88
551,552,2024-08-13,126,Cancelled,0.0,225.48
552,553,2024-12-01,105,Shipped,0.0,173.14
553,554,2024-02-04,9,Cancelled,0.0,412.40999999999997
554,555,2024-03-03,95,Completed,0.0,151.48999999999998
555,556,2024-07-09,114,Shipped,0.0,489.44999999999993
556,557,2023-10-02,61,Shipped,0.0,187.19
557,558,2025-02-07,26,Cancelled,0.0,100.14000000000001
558,559,2024-03-11,95,Cancelled,0.0,631.03
559,560,2024-02-01,166,Shipped,0.0,349.98
560,561,2024-03-01,16,Shipped,0.0,436.74
561,562,2024-04-19,71,Completed,0.0,450.65000000000003
562,563,2024-04-07,32,Shipped,0.0,703.59
563,564,2025-06-26,24,Cancelled,0.0,696.0400000000001
564,565,2024-09-25,55,Cancelled,0.0,430.74
565,566,2023-10-04,164,Cancelled,0.0,394.22999999999996
566,567,2023-11-18,6,Completed,0.0,431.09999999999997
567,568,2023-11-28,86,Completed,0.0,381.3
568,569,2024-01-29,33,Cancelled,0.0,364.29
569,570,2024-05-26,53,Completed,0.0,608.34
570,571,2025-01-23,196,Cancelled,0.0,340.67999999999995
571,572,2023-11-29,54,Cancelled,0.0,118.63
572,573,2025-02-01,56,Completed,0.0,71.96
573,574,2024-01-16,85,Completed,0.0,581.02
574,575,2023-09-21,153,Completed,0.0,457.89
575,576,2024-06-20,71,Completed,0.0,960.1499999999999
576,577,2024-06-14,34,Cancelled,0.0,389.74
577,578,2024-04-16,65,Completed,0.0,307.25
578,579,2024-09-27,29,Cancelled,0.0,13.52
579,580,2024-07-29,7,Completed,0.0,360.03999999999996
580,581,2024-06-20,4,Shipped,0.0,463.83
581,582,2023-09-20,61,Cancelled,0.0,390.04
582,583,2024-01-10,83,Completed,0.0,406.97999999999996
583,584,2025-05-10,45,Shipped,0.0,848.8299999999999
584,585,2024-06-24,14,Completed,0.0,89.66
585,586,2024-05-31,190,Shipped,0.0,619.51
586,587,2025-07-05,135,Completed,0.0,390.40999999999997
587,588,2025-03-22,191,Completed,0.0,94.47
588,589,2024-10-29,122,Shipped,0.0,260.91999999999996
589,590,2025-01-24,200,Shipped,0.0,79.58
590,591,2023-08-18,132,Cancelled,0.0,532.53
591,592,2025-05-29,28,Shipped,0.0,127.28
592,593,2025-06-17,129,Completed,0.0,223.28
593,594,2025-03-19,158,Completed,0.0,81.28
594,595,2024-10-23,187,Cancelled,0.0,345.27
595,596,2024-05-24,134,Shipped,0.0,324.81999999999994
596,597,2024-08-07,118,Cancelled,0.0,27.98
597,598,2023-08-07,8,Completed,0.0,40.56
598,599,2024-05-02,123,Shipped,0.0,243.07999999999998
599,600,2024-03-21,110,Cancelled,0.0,415.03000000000003
600,601,2025-03-10,28,Shipped,0.0,675.76
601,602,2024-05-31,183,Shipped,0.0,218.21999999999997
602,603,2025-05-26,19,Completed,0.0,371.77
603,604,2025-06-25,83,Cancelled,0.0,338.01
604,605,2025-05-13,38,Completed,0.0,477.26
605,606,2024-06-23,33,Shipped,0.0,829.9300000000001
606,607,2024-09-24,160,Cancelled,0.0,314.62
607,608,2025-03-05,150,Cancelled,0.0,658.05
608,609,2025-02-23,183,Shipped,0.0,210.94
609,610,2024-09-30,98,Cancelled,0.0,96.67
610,611,2025-04-15,136,Shipped,0.0,563.9599999999999
611,612,2024-11-13,117,Cancelled,0.0,701.27
612,613,2025-06-30,155,Shipped,0.0,242.56
613,614,2024-01-21,26,Cancelled,0.0,560.5
614,615,2024-08-16,30,Cancelled,0.0,458.19000000000005
615,616,2024-01-20,167,Cancelled,0.0,645.84
616,617,2024-03-01,185,Completed,0.0,405.17
617,618,2024-07-06,111,Shipped,0.0,414.32
618,619,2024-08-14,59,Shipped,0.0,103.64999999999999
619,620,2023-08-25,87,Shipped,0.0,602.38
620,621,2024-05-31,103,Shipped,0.0,678.29
621,622,2024-04-20,187,Completed,0.0,316.14
622,623,2025-01-03,81,Shipped,0.0,759.95
623,624,2025-01-11,81,Cancelled,0.0,196.52
624,625,2025-04-13,66,Shipped,0.0,12.75
625,626,2024-06-12,40,Cancelled,0.0,123.02
626,627,2025-02-15,122,Completed,0.0,237.27
627,628,2023-12-09,24,Completed,0.0,806.2
628,629,2025-05-16,24,Shipped,0.0,345.27
629,630,2024-07-31,25,Cancelled,0.0,809.3800000000001
630,631,2025-07-17,190,Shipped,0.0,574.86
631,632,2023-11-10,34,Cancelled,0.0,761.1600000000001
632,633,2024-11-28,16,Cancelled,0.0,493.96
633,634,2024-09-20,144,Cancelled,0.0,947.69
634,635,2023-08-23,85,Cancelled,0.0,491.8299999999999
635,636,2025-07-07,32,Shipped,0.0,536.31
636,637,2024-06-04,91,Cancelled,0.0,225.34
637,638,2024-11-04,193,Shipped,0.0,245.46
638,639,2024-10-14,185,Completed,0.0,336.5
639,640,2024-12-29,74,Cancelled,0.0,201.9
640,641,2023-08-24,80,Shipped,0.0,507.0
641,642,2023-10-07,27,Cancelled,0.0,572.2
642,643,2024-12-14,130,Completed,0.0,289.93
643,644,2024-06-30,40,Cancelled,0.0,588.35
644,645,2023-11-16,124,Completed,0.0,452.97999999999996
645,646,2025-06-06,28,Shipped,0.0,393.59000000000003
646,647,2024-07-26,143,Shipped,0.0,442.92
647,648,2023-12-22,30,Shipped,0.0,725.3199999999999
648,649,2023-09-11,147,Completed,0.0,414.97
649,650,2024-02-21,110,Cancelled,0.0,1066.58
650,651,2024-05-23,197,Cancelled,0.0,514.5699999999999
651,652,2024-04-13,158,Cancelled,0.0,710.79
652,653,2024-01-14,165,Cancelled,0.0,637.87
653,654,2024-07-21,7,Cancelled,0.0,318.65999999999997
654,655,2024-04-12,169,Cancelled,0.0,218.21999999999997
655,656,2024-04-21,69,Completed,0.0,142.35
656,657,2025-03-16,47,Shipped,0.0,25.5
657,658,2025-06-16,180,Shipped,0.0,813.48
658,659,2024-05-23,87,Shipped,0.0,1006.2299999999999
659,660,2024-03-06,2,Completed,0.0,159.89999999999998
660,661,2025-03-09,37,Cancelled,0.0,603.3
661,662,2025-05-10,169,Shipped,0.0,447.34999999999997
662,663,2024-06-25,18,Completed,0.0,273.49
663,664,2024-02-14,190,Cancelled,0.0,428.50999999999993
664,665,2025-05-12,8,Completed,0.0,276.06
665,666,2023-10-05,192,Cancelled,0.0,112.67
666,667,2024-08-02,56,Shipped,0.0,234.74
667,668,2023-08-18,108,Shipped,0.0,525.74
668,669,2025-03-06,88,Completed,0.0,250.48999999999998
669,670,2024-09-24,95,Shipped,0.0,167.0
670,671,2023-09-12,185,Shipped,0.0,826.96
671,672,2024-04-30,199,Cancelled,0.0,284.27
672,673,2024-01-24,153,Completed,0.0,256.66
673,674,2024-12-19,14,Completed,0.0,61.17
674,675,2023-09-25,41,Cancelled,0.0,293.25
675,676,2025-03-31,13,Cancelled,0.0,366.13
676,677,2024-12-21,21,Shipped,0.0,179.32
677,678,2023-09-03,114,Cancelled,0.0,259.07
678,679,2025-03-10,109,Shipped,0.0,613.0600000000001
679,680,2023-08-27,156,Shipped,0.0,126.16
680,681,2024-02-11,107,Shipped,0.0,706.63
681,682,2024-01-04,56,Cancelled,0.0,65.95
682,683,2025-05-15,30,Shipped,0.0,361.29999999999995
683,684,2023-08-18,111,Completed,0.0,282.86
684,685,2024-11-27,73,Cancelled,0.0,127.28
685,686,2023-11-29,174,Cancelled,0.0,220.93
686,687,2024-02-04,125,Cancelled,0.0,179.32
687,688,2023-11-09,171,Shipped,0.0,724.0899999999999
688,689,2024-08-04,12,Completed,0.0,604.76
689,690,2025-01-03,102,Cancelled,0.0,974.8899999999999
690,691,2023-10-30,15,Completed,0.0,1050.93
691,692,2024-10-14,53,Shipped,0.0,170.29000000000002
692,693,2024-01-19,55,Completed,0.0,641.27
693,694,2024-07-29,196,Shipped,0.0,745.79
694,695,2025-01-27,75,Shipped,0.0,330.82
695,696,2024-02-18,31,Completed,0.0,179.32
696,697,2025-03-20,128,Cancelled,0.0,399.41999999999996
697,698,2024-05-15,111,Completed,0.0,73.1
698,699,2023-12-11,34,Shipped,0.0,525.1099999999999
699,700,2024-11-15,137,Cancelled,0.0,518.11
700,701,2024-11-16,59,Cancelled,0.0,395.53
701,702,2025-03-05,144,Cancelled,0.0,83.46
702,703,2025-02-10,91,Completed,0.0,304.45
703,704,2023-10-30,102,Cancelled,0.0,189.35000000000002
704,705,2025-03-29,11,Shipped,0.0,156.06
705,706,2025-04-30,5,Shipped,0.0,584.36
706,707,2023-12-08,20,Shipped,0.0,532.3199999999999
707,708,2024-03-31,148,Shipped,0.0,961.75
708,709,2023-10-25,147,Shipped,0.0,619.79
709,710,2024-10-25,182,Cancelled,0.0,138.76
710,711,2023-08-22,107,Shipped,0.0,308.36
711,712,2025-07-24,30,Shipped,0.0,819.52
712,713,2024-04-01,6,Shipped,0.0,494.13
713,714,2024-10-23,44,Cancelled,0.0,544.8199999999999
714,715,2025-01-10,118,Cancelled,0.0,996.57
715,716,2025-07-08,93,Completed,0.0,730.26
716,717,2024-05-20,112,Completed,0.0,270.37
717,718,2024-06-06,63,Shipped,0.0,490.71000000000004
718,719,2025-02-08,151,Shipped,0.0,354.3
719,720,2024-01-04,135,Completed,0.0,68.98
720,721,2023-10-01,102,Shipped,0.0,910.32
721,722,2024-11-04,191,Shipped,0.0,184.54
722,723,2025-01-20,57,Shipped,0.0,313.32
723,724,2025-05-09,200,Completed,0.0,45.32
724,725,2024-12-02,20,Cancelled,0.0,321.64
725,726,2024-02-07,163,Completed,0.0,99.4
726,727,2023-10-21,136,Cancelled,0.0,759.1800000000001
727,728,2025-01-25,50,Shipped,0.0,252.08
728,729,2025-03-25,90,Cancelled,0.0,898.23
729,730,2024-03-24,166,Completed,0.0,206.83999999999997
730,731,2025-05-24,61,Completed,0.0,855.22
731,732,2025-01-15,38,Shipped,0.0,127.28
732,733,2024-11-11,51,Completed,0.0,12.69
733,734,2025-04-19,155,Completed,0.0,395.65
734,735,2023-11-05,195,Cancelled,0.0,117.95
735,736,2025-04-12,20,Completed,0.0,214.79999999999998
736,737,2024-10-15,198,Cancelled,0.0,420.26
737,738,2025-04-01,127,Shipped,0.0,108.97
738,739,2023-09-03,194,Cancelled,0.0,156.06
739,740,2024-04-28,195,Cancelled,0.0,411.17999999999995
740,741,2024-09-19,115,Cancelled,0.0,40.56
741,742,2024-06-30,145,Cancelled,0.0,469.8
742,743,2024-12-28,163,Cancelled,0.0,359.73
743,744,2024-05-16,83,Cancelled,0.0,334.20000000000005
744,745,2023-09-25,81,Completed,0.0,723.37
745,746,2024-08-29,113,Completed,0.0,158.8
746,747,2024-12-17,121,Shipped,0.0,362.83
747,748,2024-04-24,162,Shipped,0.0,73.0
748,749,2023-08-12,71,Cancelled,0.0,146.2
749,750,2025-05-23,15,Shipped,0.0,1009.71
750,751,2024-06-24,130,Completed,0.0,537.02
751,752,2025-05-02,80,Shipped,0.0,522.97
752,753,2024-08-17,116,Completed,0.0,547.35
753,754,2023-10-23,15,Shipped,0.0,242.99
754,755,2024-07-04,74,Completed,0.0,601.13
755,756,2024-05-10,166,Completed,0.0,371.42999999999995
756,757,2024-12-08,158,Cancelled,0.0,186.35
757,758,2025-06-25,130,Shipped,0.0,378.48
758,759,2025-05-07,119,Cancelled,0.0,38.25
759,760,2024-07-25,142,Cancelled,0.0,327.15
760,761,2025-02-02,11,Shipped,0.0,320.49
761,762,2023-11-29,147,Cancelled,0.0,655.99
762,763,2024-07-06,49,Shipped,0.0,516.12
763,764,2023-12-17,155,Shipped,0.0,190.22
764,765,2025-02-22,129,Completed,0.0,695.32
765,766,2024-09-11,16,Shipped,0.0,717.7700000000001
766,767,2024-12-20,27,Shipped,0.0,255.61999999999998
767,768,2024-02-28,183,Completed,0.0,653.51
768,769,2024-11-23,130,Cancelled,0.0,415.08000000000004
769,770,2025-04-21,45,Completed,0.0,281.73
770,771,2025-07-17,64,Cancelled,0.0,579.3199999999999
771,772,2024-09-24,113,Shipped,0.0,170.64
772,773,2025-03-26,135,Cancelled,0.0,134.85999999999999
773,774,2024-08-12,157,Completed,0.0,395.88
774,775,2024-07-29,94,Shipped,0.0,201.84
775,776,2024-07-06,73,Shipped,0.0,267.36
776,777,2025-05-05,105,Shipped,0.0,150.78
777,778,2025-02-20,174,Cancelled,0.0,228.01999999999998
778,779,2024-11-05,14,Cancelled,0.0,659.96
779,780,2024-02-27,166,Shipped,0.0,262.31
780,781,2024-04-09,17,Shipped,0.0,631.42
781,782,2025-05-25,25,Cancelled,0.0,338.01
782,783,2024-02-09,174,Shipped,0.0,703.68
783,784,2025-05-09,73,Shipped,0.0,930.0699999999999
784,785,2025-07-28,186,Cancelled,0.0,67.98
785,786,2023-10-09,155,Completed,0.0,637.65
786,787,2024-03-06,86,Completed,0.0,597.8399999999999
787,788,2025-06-17,150,Cancelled,0.0,565.09
788,789,2024-07-18,37,Shipped,0.0,676.9
789,790,2024-02-08,80,Cancelled,0.0,821.21
790,791,2025-03-07,179,Cancelled,0.0,82.99
791,792,2024-07-28,101,Completed,0.0,580.17
792,793,2024-10-18,153,Cancelled,0.0,40.56
793,794,2024-11-19,22,Shipped,0.0,108.36999999999999
794,795,2025-01-02,144,Shipped,0.0,756.44
795,796,2024-05-23,165,Shipped,0.0,338.56
796,797,2024-04-20,33,Cancelled,0.0,385.36
797,798,2023-08-25,180,Cancelled,0.0,496.61999999999995
798,799,2024-08-20,176,Cancelled,0.0,533.47
799,800,2025-05-24,24,Cancelled,0.0,309.35999999999996
800,801,2024-04-11,172,Shipped,0.0,419.13
801,802,2023-12-22,131,Shipped,0.0,124.65
802,803,2024-08-15,5,Shipped,0.0,898.21
803,804,2024-01-14,80,Completed,0.0,41.73
804,805,2024-05-04,55,Shipped,0.0,424.34
805,806,2025-04-13,197,Shipped,0.0,87.68
806,807,2024-02-19,50,Completed,0.0,248.96999999999997
807,808,2024-04-23,36,Completed,0.0,567.6299999999999
808,809,2024-03-07,20,Shipped,0.0,219.29999999999998
809,810,2025-06-16,26,Cancelled,0.0,525.1800000000001
810,811,2024-11-08,198,Cancelled,0.0,771.28
811,812,2025-01-28,190,Cancelled,0.0,604.97
812,813,2025-06-16,10,Cancelled,0.0,63.64
813,814,2024-03-04,87,Cancelled,0.0,338.56
814,815,2024-10-07,34,Cancelled,0.0,296.14
815,816,2023-08-10,97,Completed,0.0,794.27
816,817,2024-09-07,42,Completed,0.0,89.12
817,818,2023-12-29,178,Cancelled,0.0,603.56
818,819,2023-10-08,43,Cancelled,0.0,71.96
819,820,2024-02-06,113,Completed,0.0,261.23
820,821,2025-02-12,106,Shipped,0.0,557.52
821,822,2024-06-13,174,Cancelled,0.0,159.89999999999998
822,823,2024-08-16,61,Shipped,0.0,648.56
823,824,2024-10-07,157,Shipped,0.0,365.82
824,825,2025-03-13,193,Cancelled,0.0,353.85
825,826,2024-02-05,115,Completed,0.0,478.93
826,827,2025-01-20,137,Completed,0.0,239.89
827,828,2024-08-06,80,Shipped,0.0,91.55
828,829,2024-12-16,50,Shipped,0.0,325.55
829,830,2025-02-05,174,Cancelled,0.0,217.01
830,831,2024-08-18,113,Shipped,0.0,782.48
831,832,2024-07-16,197,Shipped,0.0,225.34
832,833,2025-04-09,200,Shipped,0.0,81.12
833,834,2023-08-16,129,Cancelled,0.0,39.25
834,835,2023-10-14,108,Completed,0.0,294.67
835,836,2024-03-18,52,Cancelled,0.0,424.95
836,837,2024-01-22,36,Shipped,0.0,296.64
837,838,2024-06-12,14,Cancelled,0.0,218.21999999999997
838,839,2025-01-21,124,Shipped,0.0,215.85
839,840,2024-02-07,142,Completed,0.0,238.68
840,841,2024-03-27,183,Cancelled,0.0,212.44
841,842,2024-12-30,32,Shipped,0.0,513.48
842,843,2024-10-27,22,Completed,0.0,67.98
843,844,2024-05-15,70,Shipped,0.0,459.15999999999997
844,845,2024-08-04,132,Completed,0.0,436.06000000000006
845,846,2024-10-05,112,Completed,0.0,191.37
846,847,2024-09-18,57,Shipped,0.0,284.86
847,848,2024-04-26,90,Completed,0.0,142.66
848,849,2024-06-28,107,Completed,0.0,89.66
849,850,2025-03-04,102,Cancelled,0.0,660.63
850,851,2024-10-03,96,Completed,0.0,1009.53
851,852,2024-04-15,99,Completed,0.0,745.19
852,853,2024-05-02,96,Completed,0.0,27.509999999999998
853,854,2025-01-29,8,Shipped,0.0,756.1600000000001
854,855,2024-07-20,26,Cancelled,0.0,151.54
855,856,2024-02-29,167,Shipped,0.0,571.51
856,857,2024-03-28,38,Completed,0.0,132.36
857,858,2024-02-14,10,Shipped,0.0,357.47
858,859,2024-01-29,121,Cancelled,0.0,422.82
859,860,2023-11-04,36,Cancelled,0.0,374.83
860,861,2025-02-13,121,Shipped,0.0,126.16
861,862,2023-12-30,158,Completed,0.0,218.21999999999997
862,863,2024-04-04,21,Completed,0.0,374.52
863,864,2023-11-03,66,Completed,0.0,522.89
864,865,2025-03-02,39,Cancelled,0.0,350.11
865,866,2024-09-22,187,Cancelled,0.0,188.91
866,867,2025-03-17,136,Shipped,0.0,63.64
867,868,2025-01-20,29,Shipped,0.0,156.06
868,869,2023-12-24,61,Shipped,0.0,651.59
869,870,2023-12-29,32,Completed,0.0,206.32
870,871,2024-01-18,62,Shipped,0.0,604.58
871,872,2025-02-26,164,Cancelled,0.0,402.95
872,873,2024-08-13,118,Completed,0.0,98.1
873,874,2024-03-04,29,Shipped,0.0,296.64
874,875,2025-02-15,153,Cancelled,0.0,634.71
875,876,2024-11-02,5,Cancelled,0.0,79.99
876,877,2025-03-15,132,Cancelled,0.0,528.6
877,878,2024-09-13,62,Cancelled,0.0,705.53
878,879,2024-11-08,37,Shipped,0.0,156.06
879,880,2024-03-09,110,Completed,0.0,194.6
880,881,2023-10-20,158,Shipped,0.0,608.83
881,882,2025-05-10,62,Cancelled,0.0,1116.5500000000002
882,883,2023-12-31,107,Completed,0.0,175.36
883,884,2024-03-20,171,Cancelled,0.0,205.79999999999998
884,885,2024-01-26,22,Cancelled,0.0,410.67999999999995
885,886,2024-05-09,93,Completed,0.0,235.9
886,887,2023-12-20,135,Cancelled,0.0,275.27
887,888,2024-03-24,130,Cancelled,0.0,877.4599999999999
888,889,2023-08-13,142,Completed,0.0,993.25
889,890,2025-02-02,100,Shipped,0.0,411.84999999999997
890,891,2024-09-20,12,Cancelled,0.0,601.16
891,892,2023-11-09,100,Shipped,0.0,27.98
892,893,2024-03-03,65,Cancelled,0.0,146.2
893,894,2023-09-07,5,Shipped,0.0,97.72999999999999
894,895,2023-09-14,18,Shipped,0.0,469.43999999999994
895,896,2024-10-05,62,Cancelled,0.0,480.58000000000004
896,897,2024-03-16,169,Cancelled,0.0,325.27
897,898,2025-01-25,27,Cancelled,0.0,601.22
898,899,2023-11-09,189,Shipped,0.0,443.76
899,900,2024-12-10,35,Completed,0.0,573.97
900,901,2025-06-07,91,Cancelled,0.0,110.60000000000001
901,902,2025-03-09,87,Cancelled,0.0,148.56
902,903,2024-08-18,45,Cancelled,0.0,298.08
903,904,2023-10-21,119,Cancelled,0.0,821.14
904,905,2025-06-10,123,Cancelled,0.0,413.49
905,906,2023-08-12,47,Completed,0.0,301.32
906,907,2024-10-21,17,Cancelled,0.0,746.96
907,908,2024-03-10,199,Shipped,0.0,584.21
908,909,2024-08-01,10,Shipped,0.0,582.64
909,910,2024-08-08,52,Completed,0.0,248.96999999999997
910,911,2024-07-10,52,Completed,0.0,308.42
911,912,2024-04-23,81,Shipped,0.0,258.06
912,913,2023-12-24,132,Shipped,0.0,137.2
913,914,2023-09-11,140,Shipped,0.0,274.34999999999997
914,915,2024-02-15,65,Completed,0.0,754.49
915,916,2025-08-02,193,Cancelled,0.0,122.46
916,917,2025-06-02,49,Shipped,0.0,421.63
917,918,2024-08-08,92,Completed,0.0,474.12000000000006
918,919,2023-10-30,168,Shipped,0.0,213.2
919,920,2025-05-02,70,Completed,0.0,508.61
920,921,2023-09-22,95,Shipped,0.0,182.89999999999998
921,922,2024-06-09,103,Cancelled,0.0,120.58999999999999
922,923,2024-08-18,113,Shipped,0.0,394.43999999999994
923,924,2023-09-29,87,Completed,0.0,93.91
924,925,2024-10-24,128,Cancelled,0.0,600.79
925,926,2024-12-03,128,Shipped,0.0,169.01
926,927,2025-01-17,133,Shipped,0.0,212.44
927,928,2023-09-13,22,Cancelled,0.0,674.0600000000001
928,929,2023-11-28,109,Completed,0.0,874.9000000000001
929,930,2023-11-26,111,Cancelled,0.0,631.06
930,931,2025-04-24,47,Cancelled,0.0,205.93
931,932,2024-10-13,76,Shipped,0.0,313.59999999999997
932,933,2024-03-25,27,Completed,0.0,708.4599999999999
933,934,2023-10-08,84,Cancelled,0.0,795.4200000000001
934,935,2024-02-11,76,Shipped,0.0,613.3499999999999
935,936,2023-11-03,115,Cancelled,0.0,251.53
936,937,2024-10-09,184,Shipped,0.0,472.95
937,938,2025-03-18,43,Cancelled,0.0,106.22
938,939,2024-06-21,114,Shipped,0.0,197.76
939,940,2024-11-15,115,Completed,0.0,411.21
940,941,2024-11-08,187,Shipped,0.0,350.71000000000004
941,942,2025-04-08,158,Shipped,0.0,205.23
942,943,2024-11-25,71,Cancelled,0.0,118.13
943,944,2024-01-25,15,Completed,0.0,76.86
944,945,2025-03-27,172,Cancelled,0.0,89.12
945,946,2024-09-11,104,Shipped,0.0,500.63
946,947,2024-05-24,132,Cancelled,0.0,597.25
947,948,2024-07-17,174,Completed,0.0,82.99
948,949,2025-07-08,8,Completed,0.0,462.43
949,950,2024-07-11,156,Cancelled,0.0,359.43
950,951,2024-03-20,113,Completed,0.0,308.78999999999996
951,952,2025-06-01,33,Completed,0.0,510.77000000000004
952,953,2024-11-02,61,Cancelled,0.0,583.77
953,954,2024-07-01,94,Shipped,0.0,497.16
954,955,2024-03-27,99,Cancelled,0.0,243.52
955,956,2024-10-17,9,Cancelled,0.0,78.03
956,957,2024-11-27,40,Cancelled,0.0,647.7399999999999
957,958,2023-09-18,116,Shipped,0.0,353.38
958,959,2024-11-18,96,Shipped,0.0,240.40999999999997
959,960,2025-02-27,196,Completed,0.0,710.31
960,961,2023-10-19,147,Completed,0.0,164.38
961,962,2025-03-17,136,Shipped,0.0,100.52
962,963,2024-01-11,102,Shipped,0.0,480.53999999999996
963,964,2024-11-30,167,Shipped,0.0,155.64
964,965,2024-01-13,64,Completed,0.0,1057.47
965,966,2024-02-24,7,Cancelled,0.0,455.54
966,967,2024-12-27,48,Shipped,0.0,266.68
967,968,2023-10-05,133,Shipped,0.0,155.16
968,969,2023-12-02,144,Completed,0.0,68.98
969,970,2024-02-05,68,Shipped,0.0,38.07
970,971,2023-12-16,181,Shipped,0.0,179.32
971,972,2024-10-04,55,Cancelled,0.0,553.3199999999999
972,973,2023-09-30,74,Cancelled,0.0,424.3
973,974,2023-12-02,126,Completed,0.0,446.74
974,975,2023-08-05,32,Completed,0.0,297.3
975,976,2024-06-15,19,Shipped,0.0,156.55999999999997
976,977,2024-07-17,45,Cancelled,0.0,568.91
977,978,2025-01-19,114,Completed,0.0,859.1000000000001
978,979,2024-11-06,175,Shipped,0.0,665.9
979,980,2024-08-01,171,Shipped,0.0,36.3
980,981,2024-03-16,182,Completed,0.0,365.35999999999996
981,982,2023-08-28,141,Cancelled,0.0,51.24
982,983,2024-01-29,75,Shipped,0.0,366.16999999999996
983,984,2024-03-13,41,Cancelled,0.0,256.41999999999996
984,985,2025-02-02,182,Cancelled,0.0,12.75
985,986,2024-03-09,164,Completed,0.0,512.8000000000001
986,987,2025-01-30,93,Cancelled,0.0,653.55
987,988,2025-05-31,58,Completed,0.0,252.32
988,989,2024-07-20,52,Completed,0.0,575.3299999999999
989,990,2023-09-27,61,Shipped,0.0,644.1
990,991,2025-01-17,7,Shipped,0.0,305.43
991,992,2024-01-31,142,Cancelled,0.0,262.44
992,993,2025-07-20,95,Shipped,0.0,755.59
993,994,2024-02-24,142,Completed,0.0,320.02000000000004
994,995,2025-04-05,157,Completed,0.0,331.11
995,996,2025-04-08,17,Shipped,0.0,630.56
996,997,2024-11-30,102,Cancelled,0.0,127.26
997,998,2024-11-03,185,Shipped,0.0,428.88
998,999,2024-12-28,135,Shipped,0.0,925.13
999,1000,2025-04-18,197,Shipped,0.0,13.52
