order_id,product_id,quantity,unit_price
1,5,1,89.12
1,21,3,126.16
1,5,2,89.12
1,30,3,78.03
1,34,2,13.52
2,50,3,115.09
2,41,3,121.94
3,50,1,115.09
3,28,3,25.62
4,8,3,106.22
5,20,1,12.75
5,11,2,64.18
6,23,3,65.95
6,19,1,61.23
7,13,3,13.99
7,36,2,79.99
7,9,3,18.15
8,40,3,87.68
8,6,3,73.1
8,42,1,89.21
9,38,1,78.0
9,11,3,64.18
9,40,3,87.68
9,39,2,82.99
9,37,1,56.37
10,6,1,73.1
11,17,3,58.6
11,14,3,105.38
11,27,3,41.73
11,41,1,121.94
11,32,3,12.69
12,19,3,61.23
12,20,2,12.75
12,16,3,72.74
12,26,2,39.25
12,30,1,78.03
13,11,2,64.18
14,31,2,98.88
14,14,2,105.38
14,39,1,82.99
14,21,3,126.16
15,47,2,15.55
15,26,1,39.25
15,49,2,121.76
16,36,1,79.99
16,21,1,126.16
16,30,1,78.03
16,18,2,63.64
16,16,1,72.74
17,4,2,69.99
18,40,2,87.68
18,16,1,72.74
18,21,3,126.16
18,47,2,15.55
19,49,1,121.76
19,32,3,12.69
20,32,2,12.69
20,32,1,12.69
20,6,2,73.1
20,33,2,68.6
21,14,3,105.38
21,23,1,65.95
22,19,2,61.23
23,42,3,89.21
23,31,2,98.88
23,35,1,111.64
23,7,2,36.5
23,9,2,18.15
24,49,2,121.76
24,24,1,117.95
24,26,1,39.25
25,36,1,79.99
25,24,3,117.95
25,19,1,61.23
25,25,3,53.3
25,29,3,33.38
26,40,3,87.68
26,40,1,87.68
26,9,1,18.15
27,24,2,117.95
27,36,2,79.99
27,49,1,121.76
27,13,3,13.99
28,26,3,39.25
28,3,1,112.67
28,3,1,112.67
28,46,2,7.64
28,31,3,98.88
29,10,3,50.26
29,33,1,68.6
29,21,3,126.16
29,21,1,126.16
30,40,3,87.68
30,20,3,12.75
30,22,3,27.04
30,33,3,68.6
31,46,3,7.64
31,20,2,12.75
31,2,2,34.78
31,22,3,27.04
32,27,3,41.73
33,47,3,15.55
33,41,1,121.94
33,39,2,82.99
34,42,3,89.21
34,37,1,56.37
34,47,1,15.55
35,31,1,98.88
35,34,3,13.52
35,47,3,15.55
35,50,2,115.09
35,10,3,50.26
36,3,3,112.67
36,45,1,62.97
37,2,2,34.78
37,21,2,126.16
38,27,3,41.73
38,14,2,105.38
39,50,3,115.09
39,31,3,98.88
39,47,1,15.55
39,46,1,7.64
39,34,1,13.52
40,21,3,126.16
40,31,3,98.88
40,25,2,53.3
40,12,2,89.66
40,35,2,111.64
41,23,3,65.95
41,50,3,115.09
41,44,3,22.66
41,45,2,62.97
41,40,2,87.68
42,16,2,72.74
42,36,2,79.99
43,20,2,12.75
43,46,1,7.64
44,21,2,126.16
44,23,3,65.95
44,47,2,15.55
44,19,1,61.23
45,44,3,22.66
45,25,2,53.3
45,23,1,65.95
45,19,1,61.23
45,19,3,61.23
46,23,2,65.95
47,48,2,68.98
47,14,1,105.38
47,35,2,111.64
48,45,2,62.97
48,9,1,18.15
48,40,3,87.68
48,38,1,78.0
48,16,1,72.74
49,15,3,37.21
49,15,1,37.21
49,7,2,36.5
49,22,3,27.04
49,31,1,98.88
50,1,3,93.91
50,11,2,64.18
51,31,3,98.88
51,13,2,13.99
51,21,2,126.16
51,42,1,89.21
52,42,3,89.21
53,35,3,111.64
53,47,1,15.55
54,27,1,41.73
54,3,2,112.67
55,12,3,89.66
55,19,1,61.23
55,1,2,93.91
55,37,3,56.37
56,22,2,27.04
57,42,3,89.21
57,34,2,13.52
57,9,3,18.15
57,30,2,78.03
58,8,2,106.22
58,11,3,64.18
59,42,2,89.21
59,46,1,7.64
59,1,3,93.91
59,22,2,27.04
60,44,1,22.66
60,12,3,89.66
60,41,2,121.94
60,28,3,25.62
60,21,1,126.16
61,43,1,35.98
61,12,1,89.66
61,31,2,98.88
61,16,1,72.74
62,25,1,53.3
62,29,2,33.38
62,22,2,27.04
63,47,3,15.55
63,1,2,93.91
63,42,2,89.21
63,45,1,62.97
63,4,3,69.99
64,30,2,78.03
65,26,3,39.25
65,33,3,68.6
66,45,1,62.97
66,41,2,121.94
66,24,3,117.95
67,15,1,37.21
67,31,1,98.88
68,48,3,68.98
68,24,2,117.95
68,45,3,62.97
68,31,3,98.88
69,49,1,121.76
69,44,3,22.66
70,34,2,13.52
71,46,2,7.64
71,5,3,89.12
71,8,1,106.22
71,36,3,79.99
71,13,3,13.99
72,10,1,50.26
72,21,3,126.16
72,29,1,33.38
72,44,1,22.66
72,46,3,7.64
73,6,3,73.1
73,29,1,33.38
73,30,1,78.03
73,33,2,68.6
74,37,1,56.37
74,36,2,79.99
74,44,2,22.66
74,47,1,15.55
75,17,1,58.6
75,48,1,68.98
75,38,1,78.0
75,3,2,112.67
76,45,1,62.97
76,35,1,111.64
76,5,2,89.12
77,19,2,61.23
78,50,1,115.09
78,50,3,115.09
79,24,2,117.95
79,29,2,33.38
79,25,1,53.3
79,44,3,22.66
80,9,3,18.15
80,23,1,65.95
80,12,3,89.66
80,26,3,39.25
80,9,3,18.15
81,1,1,93.91
81,20,2,12.75
82,28,3,25.62
82,25,1,53.3
82,16,2,72.74
82,23,1,65.95
82,18,1,63.64
83,3,3,112.67
84,40,1,87.68
84,16,1,72.74
84,5,1,89.12
84,39,1,82.99
85,39,3,82.99
85,46,1,7.64
85,16,3,72.74
85,3,2,112.67
86,15,3,37.21
86,14,1,105.38
86,9,3,18.15
86,19,1,61.23
87,21,3,126.16
87,39,3,82.99
87,21,1,126.16
87,20,1,12.75
87,43,3,35.98
88,27,2,41.73
88,18,1,63.64
89,38,3,78.0
89,12,3,89.66
89,44,2,22.66
89,36,2,79.99
89,4,2,69.99
90,34,2,13.52
90,45,2,62.97
90,27,1,41.73
90,20,2,12.75
91,49,3,121.76
91,31,1,98.88
92,20,3,12.75
92,10,2,50.26
93,36,2,79.99
94,36,3,79.99
94,9,2,18.15
94,16,2,72.74
94,14,2,105.38
95,29,2,33.38
96,35,3,111.64
97,4,2,69.99
97,25,3,53.3
98,39,1,82.99
98,5,1,89.12
98,49,3,121.76
98,47,3,15.55
98,36,1,79.99
99,14,2,105.38
99,20,1,12.75
99,14,1,105.38
99,48,1,68.98
100,16,3,72.74
100,39,3,82.99
100,14,2,105.38
100,16,3,72.74
101,50,2,115.09
101,25,2,53.3
101,35,3,111.64
102,20,2,12.75
102,24,3,117.95
102,32,2,12.69
103,47,2,15.55
104,14,2,105.38
104,21,2,126.16
104,3,3,112.67
105,48,1,68.98
105,2,2,34.78
106,38,3,78.0
106,47,2,15.55
106,19,1,61.23
106,13,2,13.99
106,15,2,37.21
107,16,2,72.74
107,36,3,79.99
107,44,2,22.66
107,17,2,58.6
107,47,3,15.55
108,30,1,78.03
108,47,2,15.55
108,11,1,64.18
108,47,3,15.55
109,12,3,89.66
109,42,1,89.21
109,34,1,13.52
109,5,3,89.12
110,49,1,121.76
111,9,3,18.15
111,15,1,37.21
111,46,1,7.64
111,1,1,93.91
112,30,2,78.03
112,4,3,69.99
112,41,3,121.94
112,40,2,87.68
112,43,2,35.98
113,1,3,93.91
114,27,1,41.73
114,2,3,34.78
114,47,2,15.55
114,35,2,111.64
114,2,3,34.78
115,12,1,89.66
115,7,3,36.5
115,10,1,50.26
115,13,3,13.99
116,17,2,58.6
116,18,2,63.64
116,6,2,73.1
116,26,2,39.25
116,37,1,56.37
117,20,3,12.75
117,6,3,73.1
118,6,2,73.1
119,25,3,53.3
119,31,1,98.88
119,41,1,121.94
119,45,1,62.97
120,32,2,12.69
121,37,1,56.37
121,34,1,13.52
121,15,1,37.21
122,31,2,98.88
122,3,1,112.67
122,44,2,22.66
122,35,3,111.64
122,43,1,35.98
123,21,1,126.16
123,14,3,105.38
124,49,3,121.76
124,26,1,39.25
125,11,3,64.18
125,16,3,72.74
125,25,3,53.3
126,22,2,27.04
126,49,3,121.76
126,9,3,18.15
126,47,1,15.55
126,33,3,68.6
127,4,1,69.99
127,28,1,25.62
127,5,2,89.12
128,50,3,115.09
128,39,2,82.99
128,50,2,115.09
128,2,3,34.78
128,18,2,63.64
129,15,2,37.21
129,36,2,79.99
129,28,1,25.62
129,44,3,22.66
130,6,3,73.1
130,19,1,61.23
130,46,1,7.64
130,6,2,73.1
131,25,3,53.3
131,41,1,121.94
132,21,2,126.16
132,7,1,36.5
132,1,2,93.91
132,29,2,33.38
133,7,1,36.5
133,6,1,73.1
133,28,2,25.62
134,36,3,79.99
134,27,1,41.73
134,2,1,34.78
134,23,3,65.95
134,6,3,73.1
135,21,2,126.16
135,1,2,93.91
135,27,2,41.73
135,50,1,115.09
135,47,3,15.55
136,37,3,56.37
136,11,3,64.18
137,11,1,64.18
137,18,2,63.64
137,18,2,63.64
137,10,1,50.26
138,28,2,25.62
138,27,2,41.73
139,5,2,89.12
139,17,1,58.6
139,47,3,15.55
139,32,3,12.69
140,13,2,13.99
140,7,1,36.5
140,20,1,12.75
140,26,2,39.25
140,40,2,87.68
141,29,2,33.38
141,28,3,25.62
141,39,1,82.99
142,21,3,126.16
142,45,1,62.97
142,31,2,98.88
143,26,2,39.25
143,19,3,61.23
144,37,1,56.37
144,21,2,126.16
144,18,2,63.64
144,24,1,117.95
145,13,3,13.99
145,35,1,111.64
145,44,3,22.66
145,2,3,34.78
145,30,3,78.03
146,29,2,33.38
146,45,1,62.97
147,44,2,22.66
147,9,3,18.15
147,20,1,12.75
147,17,3,58.6
148,46,2,7.64
148,25,1,53.3
149,39,2,82.99
149,38,2,78.0
149,35,3,111.64
149,45,2,62.97
150,3,2,112.67
150,45,3,62.97
150,39,3,82.99
150,6,1,73.1
150,50,1,115.09
151,11,3,64.18
151,40,1,87.68
151,37,3,56.37
152,49,2,121.76
152,28,1,25.62
152,1,1,93.91
152,17,1,58.6
153,48,3,68.98
153,36,3,79.99
153,45,3,62.97
153,15,2,37.21
153,24,2,117.95
154,50,3,115.09
154,38,3,78.0
154,33,1,68.6
154,23,1,65.95
155,7,2,36.5
155,27,1,41.73
155,8,3,106.22
155,10,2,50.26
156,22,2,27.04
156,14,3,105.38
156,31,2,98.88
157,7,2,36.5
157,47,3,15.55
157,29,2,33.38
157,5,2,89.12
158,46,1,7.64
159,22,3,27.04
160,44,1,22.66
161,34,1,13.52
161,36,1,79.99
162,36,2,79.99
162,30,1,78.03
162,26,3,39.25
163,12,3,89.66
163,43,2,35.98
164,2,3,34.78
164,40,1,87.68
164,29,3,33.38
164,28,2,25.62
165,46,1,7.64
166,18,3,63.64
166,5,3,89.12
167,35,1,111.64
168,21,1,126.16
168,30,1,78.03
168,17,3,58.6
169,34,3,13.52
169,21,3,126.16
169,25,3,53.3
169,26,3,39.25
170,23,2,65.95
171,40,1,87.68
171,44,3,22.66
171,20,3,12.75
171,38,1,78.0
172,21,1,126.16
172,16,2,72.74
173,12,2,89.66
174,33,2,68.6
174,27,3,41.73
175,37,2,56.37
175,28,1,25.62
176,41,3,121.94
176,45,3,62.97
176,12,3,89.66
176,11,2,64.18
177,9,1,18.15
177,21,2,126.16
177,40,1,87.68
178,1,2,93.91
178,9,1,18.15
178,25,3,53.3
179,42,2,89.21
179,27,3,41.73
179,32,2,12.69
179,46,2,7.64
179,32,1,12.69
180,37,1,56.37
181,19,1,61.23
181,18,1,63.64
182,19,1,61.23
182,50,2,115.09
182,37,3,56.37
182,50,2,115.09
182,36,3,79.99
183,37,1,56.37
184,50,3,115.09
184,24,3,117.95
184,49,1,121.76
185,35,1,111.64
185,28,1,25.62
185,48,3,68.98
185,49,1,121.76
186,3,2,112.67
186,17,2,58.6
186,6,2,73.1
187,50,1,115.09
188,48,3,68.98
188,45,2,62.97
189,41,2,121.94
189,11,3,64.18
189,9,1,18.15
189,14,1,105.38
189,37,2,56.37
190,18,3,63.64
190,35,1,111.64
190,21,3,126.16
190,19,2,61.23
190,37,2,56.37
191,44,1,22.66
191,9,2,18.15
191,4,2,69.99
191,42,1,89.21
191,45,1,62.97
192,10,3,50.26
192,21,1,126.16
193,32,1,12.69
193,37,3,56.37
193,18,3,63.64
193,27,2,41.73
194,5,3,89.12
194,50,1,115.09
194,26,3,39.25
194,48,2,68.98
195,30,2,78.03
195,21,3,126.16
195,1,3,93.91
196,47,2,15.55
197,5,3,89.12
197,26,1,39.25
197,28,1,25.62
198,18,2,63.64
198,19,2,61.23
198,36,3,79.99
198,9,3,18.15
199,22,3,27.04
199,49,1,121.76
199,3,1,112.67
199,41,2,121.94
200,8,1,106.22
201,30,1,78.03
201,28,1,25.62
201,45,1,62.97
201,42,2,89.21
202,18,1,63.64
202,42,2,89.21
203,6,2,73.1
203,43,3,35.98
203,11,1,64.18
204,41,2,121.94
204,47,3,15.55
204,49,1,121.76
204,28,3,25.62
205,46,1,7.64
206,14,2,105.38
207,9,3,18.15
208,34,3,13.52
208,29,1,33.38
209,45,2,62.97
210,28,3,25.62
211,31,1,98.88
211,15,2,37.21
212,47,1,15.55
213,21,2,126.16
214,9,2,18.15
214,50,1,115.09
214,42,3,89.21
215,5,3,89.12
215,37,1,56.37
216,42,1,89.21
216,29,2,33.38
216,47,1,15.55
216,41,3,121.94
216,10,2,50.26
217,44,2,22.66
217,14,1,105.38
217,7,1,36.5
217,49,1,121.76
217,38,3,78.0
218,23,2,65.95
218,21,1,126.16
218,16,2,72.74
218,42,1,89.21
219,36,3,79.99
219,39,3,82.99
220,19,3,61.23
220,2,3,34.78
220,20,1,12.75
220,34,3,13.52
220,33,1,68.6
221,19,3,61.23
221,4,1,69.99
221,32,2,12.69
221,8,1,106.22
222,41,3,121.94
222,5,3,89.12
222,1,2,93.91
222,21,1,126.16
223,37,2,56.37
223,24,3,117.95
223,44,1,22.66
223,49,2,121.76
224,2,3,34.78
225,1,2,93.91
226,3,1,112.67
226,26,3,39.25
227,41,3,121.94
227,33,2,68.6
227,28,3,25.62
228,6,3,73.1
228,35,3,111.64
228,40,1,87.68
228,18,1,63.64
229,6,3,73.1
229,14,1,105.38
229,35,2,111.64
230,38,3,78.0
230,49,3,121.76
230,44,3,22.66
230,5,2,89.12
231,47,1,15.55
231,4,1,69.99
231,6,2,73.1
231,8,2,106.22
232,39,1,82.99
232,20,3,12.75
232,48,3,68.98
232,48,1,68.98
232,8,1,106.22
233,45,1,62.97
233,11,2,64.18
234,34,3,13.52
234,47,2,15.55
234,11,2,64.18
235,48,2,68.98
235,47,1,15.55
236,22,2,27.04
237,34,1,13.52
237,17,3,58.6
237,37,3,56.37
238,32,2,12.69
239,24,1,117.95
239,32,3,12.69
239,11,2,64.18
239,11,2,64.18
239,50,1,115.09
240,44,3,22.66
240,8,1,106.22
240,48,3,68.98
240,1,1,93.91
240,1,1,93.91
241,31,2,98.88
242,10,1,50.26
242,3,3,112.67
242,46,3,7.64
242,42,2,89.21
243,21,1,126.16
243,27,3,41.73
244,18,1,63.64
244,37,2,56.37
244,8,3,106.22
245,12,1,89.66
246,3,2,112.67
246,5,2,89.12
246,19,2,61.23
246,21,1,126.16
246,36,2,79.99
247,24,1,117.95
248,37,2,56.37
248,48,3,68.98
248,16,2,72.74
249,38,2,78.0
249,50,1,115.09
249,47,3,15.55
250,10,1,50.26
250,27,1,41.73
251,35,2,111.64
251,41,3,121.94
252,22,1,27.04
253,48,3,68.98
253,20,1,12.75
253,14,3,105.38
253,16,2,72.74
254,4,1,69.99
254,46,2,7.64
254,6,1,73.1
254,15,3,37.21
255,45,2,62.97
255,30,3,78.03
255,6,3,73.1
255,7,3,36.5
256,41,2,121.94
256,5,3,89.12
257,4,2,69.99
257,43,1,35.98
257,16,2,72.74
257,17,2,58.6
257,26,3,39.25
258,21,2,126.16
258,18,1,63.64
258,5,1,89.12
259,50,3,115.09
259,7,1,36.5
260,11,2,64.18
261,21,2,126.16
261,8,3,106.22
261,23,1,65.95
261,29,2,33.38
262,17,1,58.6
262,6,1,73.1
262,44,2,22.66
262,46,3,7.64
263,3,1,112.67
263,21,1,126.16
263,6,3,73.1
263,16,2,72.74
263,26,3,39.25
264,44,2,22.66
265,12,1,89.66
265,26,2,39.25
265,36,3,79.99
266,16,1,72.74
266,30,1,78.03
266,9,1,18.15
266,1,1,93.91
266,50,1,115.09
267,13,2,13.99
267,24,3,117.95
268,38,3,78.0
269,5,1,89.12
269,5,1,89.12
269,42,2,89.21
270,6,2,73.1
270,8,1,106.22
271,4,1,69.99
271,37,2,56.37
271,47,2,15.55
271,32,1,12.69
272,44,2,22.66
272,12,2,89.66
272,14,1,105.38
272,18,2,63.64
273,10,1,50.26
273,40,3,87.68
273,40,1,87.68
273,42,2,89.21
274,27,3,41.73
274,31,1,98.88
274,6,2,73.1
274,25,1,53.3
275,13,3,13.99
275,34,1,13.52
275,41,3,121.94
275,2,2,34.78
276,31,3,98.88
276,32,2,12.69
276,37,3,56.37
277,25,2,53.3
277,12,1,89.66
277,21,3,126.16
278,2,2,34.78
278,4,2,69.99
279,23,3,65.95
279,15,1,37.21
279,7,1,36.5
279,43,1,35.98
279,18,3,63.64
280,49,1,121.76
281,25,2,53.3
281,12,1,89.66
281,16,3,72.74
281,21,3,126.16
281,45,2,62.97
282,2,3,34.78
282,45,2,62.97
282,37,3,56.37
282,10,3,50.26
282,13,2,13.99
283,20,1,12.75
283,32,1,12.69
283,6,1,73.1
283,15,3,37.21
283,15,1,37.21
284,31,1,98.88
284,22,3,27.04
284,13,1,13.99
284,22,3,27.04
284,12,2,89.66
285,2,1,34.78
286,46,1,7.64
286,50,1,115.09
286,34,2,13.52
286,5,2,89.12
286,46,3,7.64
287,38,1,78.0
287,22,2,27.04
287,21,1,126.16
287,11,3,64.18
288,41,2,121.94
288,42,2,89.21
288,12,3,89.66
288,36,3,79.99
289,23,1,65.95
289,43,3,35.98
289,12,2,89.66
289,20,3,12.75
289,45,2,62.97
290,12,3,89.66
290,1,3,93.91
291,26,3,39.25
291,3,1,112.67
291,39,2,82.99
291,40,1,87.68
291,41,3,121.94
292,32,1,12.69
293,48,1,68.98
293,16,2,72.74
293,21,1,126.16
294,46,3,7.64
295,29,1,33.38
295,17,1,58.6
295,16,3,72.74
296,23,2,65.95
297,47,1,15.55
298,25,2,53.3
299,11,2,64.18
299,32,2,12.69
299,23,3,65.95
299,25,1,53.3
300,37,3,56.37
300,49,3,121.76
300,15,1,37.21
300,29,1,33.38
301,19,1,61.23
302,17,1,58.6
302,5,2,89.12
302,11,2,64.18
303,47,1,15.55
303,36,1,79.99
304,39,3,82.99
304,31,3,98.88
304,2,2,34.78
305,39,2,82.99
305,11,1,64.18
306,22,1,27.04
307,27,3,41.73
307,36,3,79.99
308,17,3,58.6
308,19,2,61.23
308,16,1,72.74
308,4,2,69.99
308,37,3,56.37
309,10,1,50.26
309,24,1,117.95
309,28,1,25.62
309,19,3,61.23
310,31,1,98.88
310,7,1,36.5
310,14,1,105.38
310,41,2,121.94
310,6,2,73.1
311,20,2,12.75
312,32,3,12.69
312,17,1,58.6
312,42,3,89.21
312,25,1,53.3
313,25,2,53.3
313,12,2,89.66
313,3,2,112.67
314,30,2,78.03
314,15,2,37.21
314,37,1,56.37
314,10,3,50.26
315,6,3,73.1
316,35,2,111.64
316,49,3,121.76
316,15,3,37.21
317,25,3,53.3
318,35,3,111.64
318,31,3,98.88
318,16,2,72.74
318,20,1,12.75
319,46,1,7.64
319,33,3,68.6
319,34,3,13.52
319,44,3,22.66
320,8,2,106.22
320,12,1,89.66
321,13,1,13.99
321,3,2,112.67
322,44,2,22.66
323,41,1,121.94
323,39,2,82.99
324,47,1,15.55
324,6,2,73.1
324,36,2,79.99
325,21,2,126.16
325,34,2,13.52
325,1,3,93.91
325,40,3,87.68
325,34,2,13.52
326,27,1,41.73
327,37,3,56.37
327,38,1,78.0
328,37,1,56.37
329,35,2,111.64
329,27,2,41.73
329,25,3,53.3
330,37,3,56.37
330,31,1,98.88
330,12,2,89.66
330,26,1,39.25
331,39,3,82.99
331,45,2,62.97
331,3,2,112.67
331,22,3,27.04
331,16,1,72.74
332,18,2,63.64
332,2,2,34.78
332,20,2,12.75
332,18,2,63.64
333,15,1,37.21
334,48,2,68.98
334,50,2,115.09
334,18,3,63.64
335,39,3,82.99
335,6,1,73.1
335,29,1,33.38
335,27,3,41.73
336,49,3,121.76
336,24,1,117.95
336,33,1,68.6
336,5,2,89.12
337,26,1,39.25
337,50,3,115.09
337,37,1,56.37
337,12,1,89.66
337,13,1,13.99
338,3,2,112.67
338,4,2,69.99
339,18,2,63.64
339,30,3,78.03
340,41,1,121.94
340,44,1,22.66
340,16,2,72.74
340,32,3,12.69
341,12,2,89.66
341,38,3,78.0
341,23,2,65.95
341,11,2,64.18
342,19,1,61.23
343,4,1,69.99
343,37,1,56.37
343,15,3,37.21
343,15,3,37.21
344,18,3,63.64
344,27,3,41.73
345,50,3,115.09
346,31,1,98.88
347,39,1,82.99
347,15,2,37.21
348,20,3,12.75
348,46,3,7.64
348,18,2,63.64
348,25,2,53.3
348,30,2,78.03
349,30,2,78.03
349,44,3,22.66
350,26,3,39.25
350,7,1,36.5
350,33,3,68.6
350,24,3,117.95
350,42,3,89.21
351,19,2,61.23
351,44,1,22.66
351,31,1,98.88
351,22,2,27.04
351,41,2,121.94
352,17,3,58.6
352,46,3,7.64
352,20,1,12.75
353,34,1,13.52
353,4,3,69.99
354,43,2,35.98
354,44,1,22.66
354,47,1,15.55
354,42,2,89.21
355,17,2,58.6
355,26,2,39.25
355,48,1,68.98
356,46,3,7.64
356,13,2,13.99
356,47,3,15.55
356,15,3,37.21
356,35,3,111.64
357,43,2,35.98
357,33,2,68.6
357,11,3,64.18
357,36,1,79.99
358,7,2,36.5
358,9,3,18.15
358,17,3,58.6
359,49,1,121.76
359,44,2,22.66
359,42,1,89.21
359,15,2,37.21
359,15,3,37.21
360,27,2,41.73
360,24,2,117.95
360,38,2,78.0
361,8,2,106.22
361,4,3,69.99
361,38,3,78.0
361,40,1,87.68
362,13,3,13.99
362,8,3,106.22
362,25,3,53.3
362,20,2,12.75
363,10,1,50.26
364,22,2,27.04
364,37,2,56.37
365,21,3,126.16
365,12,1,89.66
366,22,3,27.04
366,12,2,89.66
366,41,1,121.94
366,1,2,93.91
367,14,1,105.38
367,37,1,56.37
367,32,1,12.69
368,40,2,87.68
368,41,2,121.94
369,28,2,25.62
369,25,1,53.3
369,3,3,112.67
369,13,3,13.99
370,1,2,93.91
370,49,3,121.76
370,13,1,13.99
371,41,3,121.94
372,15,3,37.21
372,23,2,65.95
373,7,2,36.5
373,33,3,68.6
374,11,1,64.18
374,3,2,112.67
374,19,2,61.23
375,39,3,82.99
375,22,2,27.04
375,44,1,22.66
375,22,2,27.04
375,23,1,65.95
376,26,1,39.25
376,15,1,37.21
377,14,3,105.38
377,2,3,34.78
378,11,1,64.18
378,24,3,117.95
378,42,1,89.21
378,25,3,53.3
378,17,3,58.6
379,4,3,69.99
379,4,3,69.99
379,7,3,36.5
379,2,1,34.78
379,45,1,62.97
380,29,2,33.38
380,8,3,106.22
380,17,2,58.6
380,45,1,62.97
381,45,3,62.97
381,41,1,121.94
382,27,3,41.73
382,7,3,36.5
382,34,2,13.52
383,39,3,82.99
383,9,2,18.15
383,7,3,36.5
383,47,3,15.55
383,8,2,106.22
384,7,2,36.5
385,39,1,82.99
385,50,2,115.09
386,13,2,13.99
386,46,2,7.64
386,19,1,61.23
386,3,3,112.67
386,32,1,12.69
387,22,1,27.04
387,1,1,93.91
387,43,1,35.98
387,8,3,106.22
388,10,1,50.26
388,50,3,115.09
388,5,3,89.12
388,47,1,15.55
389,42,1,89.21
389,30,2,78.03
389,17,2,58.6
390,7,1,36.5
391,19,2,61.23
392,28,3,25.62
392,8,1,106.22
392,49,1,121.76
393,9,3,18.15
394,22,2,27.04
394,29,3,33.38
395,47,1,15.55
395,24,2,117.95
395,12,1,89.66
396,26,2,39.25
396,18,2,63.64
396,45,2,62.97
396,27,3,41.73
397,8,1,106.22
397,45,3,62.97
398,11,1,64.18
399,38,2,78.0
399,37,3,56.37
399,29,1,33.38
399,40,2,87.68
400,40,1,87.68
400,44,3,22.66
400,9,2,18.15
401,8,2,106.22
401,29,1,33.38
401,5,2,89.12
401,42,2,89.21
402,46,3,7.64
403,50,3,115.09
403,37,3,56.37
403,37,1,56.37
403,43,2,35.98
403,34,3,13.52
404,7,2,36.5
404,43,3,35.98
404,16,2,72.74
404,23,3,65.95
404,44,3,22.66
405,10,3,50.26
405,40,1,87.68
405,1,3,93.91
405,11,3,64.18
406,32,1,12.69
406,5,2,89.12
406,21,1,126.16
406,22,2,27.04
407,33,1,68.6
408,42,2,89.21
408,26,1,39.25
408,6,2,73.1
408,29,3,33.38
408,29,1,33.38
409,29,2,33.38
409,8,2,106.22
409,48,3,68.98
409,2,1,34.78
410,27,1,41.73
410,36,3,79.99
410,1,1,93.91
410,39,3,82.99
411,33,3,68.6
411,14,3,105.38
411,43,2,35.98
412,24,1,117.95
412,15,2,37.21
412,22,3,27.04
413,39,2,82.99
413,46,3,7.64
413,24,3,117.95
413,29,1,33.38
413,7,3,36.5
414,1,2,93.91
414,23,3,65.95
415,36,3,79.99
415,24,3,117.95
415,7,1,36.5
416,32,1,12.69
416,46,3,7.64
417,7,2,36.5
417,40,1,87.68
417,13,1,13.99
417,26,1,39.25
418,13,3,13.99
418,22,1,27.04
418,49,2,121.76
418,3,3,112.67
419,8,2,106.22
419,30,3,78.03
419,38,3,78.0
419,9,2,18.15
419,1,3,93.91
420,36,2,79.99
421,31,3,98.88
421,50,1,115.09
421,45,3,62.97
421,12,3,89.66
421,9,1,18.15
422,43,3,35.98
422,39,2,82.99
422,33,2,68.6
422,27,3,41.73
423,18,2,63.64
423,22,2,27.04
424,9,1,18.15
424,27,3,41.73
424,45,3,62.97
424,33,2,68.6
425,21,3,126.16
425,48,3,68.98
425,41,1,121.94
425,13,1,13.99
425,40,3,87.68
426,44,2,22.66
426,44,1,22.66
426,46,3,7.64
427,33,3,68.6
427,45,3,62.97
428,46,1,7.64
428,49,2,121.76
428,36,2,79.99
429,37,3,56.37
429,46,2,7.64
429,44,3,22.66
429,35,2,111.64
429,28,1,25.62
430,7,1,36.5
430,25,1,53.3
430,4,3,69.99
430,4,1,69.99
430,18,1,63.64
431,44,2,22.66
431,10,1,50.26
431,45,2,62.97
432,49,3,121.76
432,3,2,112.67
433,7,3,36.5
433,44,3,22.66
433,36,1,79.99
433,48,3,68.98
434,25,1,53.3
434,33,3,68.6
434,19,3,61.23
434,43,1,35.98
434,25,2,53.3
435,44,2,22.66
435,36,1,79.99
435,1,3,93.91
435,17,1,58.6
436,50,2,115.09
436,15,3,37.21
436,46,3,7.64
436,42,2,89.21
436,49,3,121.76
437,48,3,68.98
437,13,3,13.99
437,13,2,13.99
437,29,1,33.38
437,44,1,22.66
438,12,3,89.66
438,33,1,68.6
439,3,2,112.67
439,18,3,63.64
439,17,1,58.6
439,11,3,64.18
440,1,2,93.91
440,30,3,78.03
440,10,1,50.26
441,21,3,126.16
441,4,3,69.99
442,43,2,35.98
442,32,3,12.69
442,36,2,79.99
442,5,3,89.12
442,21,3,126.16
443,12,3,89.66
443,5,3,89.12
444,27,3,41.73
444,35,2,111.64
445,23,1,65.95
446,43,2,35.98
446,22,2,27.04
447,14,3,105.38
447,34,2,13.52
447,36,3,79.99
448,8,3,106.22
449,29,1,33.38
449,42,3,89.21
449,40,1,87.68
450,44,2,22.66
451,8,2,106.22
451,17,3,58.6
451,47,2,15.55
451,2,3,34.78
452,33,3,68.6
452,29,2,33.38
452,3,2,112.67
453,21,3,126.16
453,6,1,73.1
454,50,3,115.09
454,35,1,111.64
455,14,3,105.38
456,44,2,22.66
456,7,1,36.5
457,45,3,62.97
457,50,2,115.09
457,42,1,89.21
457,48,3,68.98
457,10,1,50.26
458,46,2,7.64
458,3,1,112.67
458,5,1,89.12
458,12,2,89.66
459,5,3,89.12
459,15,2,37.21
459,27,2,41.73
459,29,3,33.38
459,26,2,39.25
460,2,2,34.78
460,44,1,22.66
460,35,1,111.64
461,5,3,89.12
461,38,1,78.0
461,45,1,62.97
461,23,3,65.95
461,7,2,36.5
462,39,1,82.99
462,19,2,61.23
462,25,2,53.3
463,31,1,98.88
464,15,1,37.21
464,48,2,68.98
464,35,2,111.64
464,41,1,121.94
464,20,3,12.75
465,1,3,93.91
465,36,1,79.99
465,8,1,106.22
466,37,3,56.37
467,35,3,111.64
467,6,2,73.1
467,14,3,105.38
467,48,3,68.98
468,14,2,105.38
468,42,3,89.21
468,10,1,50.26
469,15,3,37.21
469,17,1,58.6
470,12,3,89.66
471,4,3,69.99
471,30,3,78.03
471,36,1,79.99
471,19,3,61.23
471,5,2,89.12
472,13,3,13.99
473,32,2,12.69
473,23,1,65.95
473,43,3,35.98
473,16,1,72.74
473,19,3,61.23
474,13,2,13.99
475,29,2,33.38
475,40,3,87.68
475,20,3,12.75
475,38,1,78.0
476,37,2,56.37
476,21,2,126.16
476,11,1,64.18
476,21,1,126.16
476,15,3,37.21
477,18,2,63.64
477,9,3,18.15
477,47,2,15.55
477,31,2,98.88
478,23,2,65.95
478,32,3,12.69
478,7,1,36.5
478,42,3,89.21
479,18,1,63.64
480,13,2,13.99
480,47,3,15.55
480,5,3,89.12
480,5,1,89.12
480,33,3,68.6
481,38,3,78.0
482,50,3,115.09
482,14,1,105.38
482,36,2,79.99
482,35,3,111.64
483,42,1,89.21
483,24,2,117.95
483,15,3,37.21
483,47,2,15.55
484,30,3,78.03
484,33,1,68.6
485,24,3,117.95
485,1,3,93.91
485,16,3,72.74
485,44,1,22.66
486,9,2,18.15
486,11,1,64.18
486,37,3,56.37
486,43,1,35.98
486,48,3,68.98
487,23,1,65.95
487,15,2,37.21
487,15,1,37.21
487,17,2,58.6
488,3,3,112.67
488,14,3,105.38
489,25,2,53.3
489,30,1,78.03
489,3,3,112.67
490,7,3,36.5
490,34,3,13.52
490,18,3,63.64
491,38,3,78.0
491,37,1,56.37
491,25,3,53.3
492,24,3,117.95
492,42,1,89.21
492,34,2,13.52
492,25,1,53.3
493,26,2,39.25
493,23,2,65.95
493,31,3,98.88
493,1,3,93.91
493,9,2,18.15
494,15,1,37.21
494,33,3,68.6
495,14,1,105.38
495,12,1,89.66
495,24,3,117.95
496,43,1,35.98
497,22,3,27.04
497,8,2,106.22
497,44,2,22.66
497,31,1,98.88
498,11,3,64.18
498,27,1,41.73
498,16,1,72.74
498,9,3,18.15
498,38,1,78.0
499,41,3,121.94
499,3,3,112.67
500,4,1,69.99
500,17,1,58.6
501,26,3,39.25
501,37,3,56.37
501,2,3,34.78
501,47,3,15.55
501,19,1,61.23
502,29,3,33.38
502,31,2,98.88
503,15,2,37.21
503,39,1,82.99
504,50,1,115.09
504,40,3,87.68
504,33,2,68.6
504,11,3,64.18
504,44,2,22.66
505,39,3,82.99
505,5,1,89.12
505,25,2,53.3
505,9,1,18.15
506,13,3,13.99
507,44,2,22.66
507,10,3,50.26
507,7,1,36.5
507,31,3,98.88
507,39,1,82.99
508,33,1,68.6
508,6,2,73.1
508,43,1,35.98
508,39,3,82.99
508,1,3,93.91
509,34,2,13.52
509,24,1,117.95
509,45,3,62.97
509,28,1,25.62
510,50,2,115.09
510,23,3,65.95
510,48,3,68.98
510,37,1,56.37
511,9,2,18.15
511,31,1,98.88
511,6,2,73.1
511,39,3,82.99
512,17,1,58.6
512,1,3,93.91
512,48,1,68.98
512,37,3,56.37
513,34,1,13.52
514,42,1,89.21
514,45,2,62.97
514,27,2,41.73
514,7,1,36.5
515,42,3,89.21
515,17,2,58.6
515,35,2,111.64
515,37,2,56.37
516,18,3,63.64
516,26,1,39.25
516,27,3,41.73
516,36,2,79.99
516,12,2,89.66
517,36,2,79.99
517,17,2,58.6
517,37,2,56.37
517,50,3,115.09
517,26,3,39.25
518,43,1,35.98
518,48,1,68.98
519,45,1,62.97
519,7,1,36.5
519,33,2,68.6
519,22,3,27.04
520,45,3,62.97
520,46,1,7.64
520,11,2,64.18
520,41,1,121.94
520,6,1,73.1
521,39,2,82.99
521,6,1,73.1
521,17,1,58.6
521,24,1,117.95
522,3,3,112.67
522,25,2,53.3
522,40,3,87.68
522,34,2,13.52
522,46,3,7.64
523,50,1,115.09
524,29,1,33.38
524,13,3,13.99
524,34,2,13.52
524,13,1,13.99
525,33,3,68.6
525,45,1,62.97
525,40,1,87.68
525,44,1,22.66
525,24,1,117.95
526,11,1,64.18
527,50,2,115.09
527,23,3,65.95
527,26,2,39.25
528,13,3,13.99
528,1,3,93.91
528,46,1,7.64
528,6,3,73.1
528,19,3,61.23
529,38,2,78.0
529,23,2,65.95
529,15,3,37.21
529,13,2,13.99
529,26,3,39.25
530,17,1,58.6
531,33,1,68.6
531,36,1,79.99
531,33,2,68.6
531,22,1,27.04
532,17,3,58.6
532,37,2,56.37
532,45,2,62.97
532,25,3,53.3
532,31,1,98.88
533,50,2,115.09
533,44,2,22.66
533,38,1,78.0
534,8,2,106.22
534,5,2,89.12
534,41,1,121.94
534,44,3,22.66
535,21,2,126.16
535,23,3,65.95
536,1,3,93.91
536,17,1,58.6
536,19,1,61.23
536,26,3,39.25
536,48,2,68.98
537,36,1,79.99
538,21,2,126.16
538,14,3,105.38
538,18,1,63.64
538,48,3,68.98
539,32,3,12.69
539,13,1,13.99
540,17,1,58.6
540,15,1,37.21
541,40,2,87.68
541,10,1,50.26
542,6,3,73.1
543,40,1,87.68
543,49,3,121.76
543,3,2,112.67
543,24,3,117.95
544,32,3,12.69
544,18,2,63.64
544,12,3,89.66
545,26,1,39.25
545,49,3,121.76
545,9,1,18.15
546,28,2,25.62
546,35,1,111.64
546,33,2,68.6
546,26,3,39.25
546,50,1,115.09
547,8,3,106.22
547,34,2,13.52
547,21,3,126.16
547,1,1,93.91
548,25,3,53.3
548,7,2,36.5
549,40,2,87.68
549,12,3,89.66
549,17,1,58.6
550,31,3,98.88
550,22,2,27.04
550,12,2,89.66
551,14,2,105.38
551,45,2,62.97
551,24,2,117.95
551,18,2,63.64
552,37,1,56.37
552,37,3,56.37
553,7,3,36.5
553,18,1,63.64
554,28,2,25.62
554,13,1,13.99
554,48,1,68.98
554,31,1,98.88
554,12,2,89.66
555,9,3,18.15
555,34,3,13.52
555,47,2,15.55
555,32,2,12.69
556,36,3,79.99
556,4,2,69.99
556,7,3,36.5
557,4,1,69.99
557,17,2,58.6
558,29,3,33.38
559,17,2,58.6
559,24,3,117.95
559,36,2,79.99
560,2,2,34.78
560,8,2,106.22
560,44,3,22.66
561,37,3,56.37
561,42,3,89.21
562,12,2,89.66
562,23,2,65.95
562,44,3,22.66
562,32,3,12.69
562,29,1,33.38
563,40,2,87.68
563,30,3,78.03
563,10,1,50.26
563,41,2,121.94
564,41,3,121.94
564,37,2,56.37
564,5,1,89.12
564,11,2,64.18
565,21,2,126.16
565,42,2,89.21
566,39,3,82.99
566,26,2,39.25
566,29,2,33.38
567,34,2,13.52
567,27,1,41.73
567,12,1,89.66
567,9,3,18.15
567,16,3,72.74
568,48,3,68.98
568,48,1,68.98
568,14,1,105.38
569,7,1,36.5
569,5,2,89.12
569,36,1,79.99
569,2,2,34.78
570,49,1,121.76
570,7,2,36.5
570,40,1,87.68
570,6,3,73.1
570,25,2,53.3
571,16,3,72.74
571,19,2,61.23
572,9,3,18.15
572,11,1,64.18
573,43,2,35.98
574,31,2,98.88
574,35,2,111.64
574,36,2,79.99
575,45,3,62.97
575,12,3,89.66
576,30,3,78.03
576,48,3,68.98
576,37,2,56.37
576,34,3,13.52
576,41,3,121.94
577,23,2,65.95
577,35,1,111.64
577,6,2,73.1
578,24,2,117.95
578,17,1,58.6
578,20,1,12.75
579,34,1,13.52
580,19,2,61.23
580,35,1,111.64
580,45,2,62.97
581,20,1,12.75
581,50,2,115.09
581,19,3,61.23
581,15,1,37.21
582,24,1,117.95
582,27,3,41.73
582,28,2,25.62
582,16,1,72.74
582,46,3,7.64
583,25,1,53.3
583,17,1,58.6
583,28,3,25.62
583,16,3,72.74
584,45,3,62.97
584,18,2,63.64
584,42,3,89.21
584,35,2,111.64
584,27,1,41.73
585,12,1,89.66
586,8,3,106.22
586,30,3,78.03
586,29,2,33.38
587,32,1,12.69
587,21,1,126.16
587,10,1,50.26
587,35,1,111.64
587,12,1,89.66
588,18,1,63.64
588,46,2,7.64
588,47,1,15.55
589,6,1,73.1
589,1,2,93.91
590,22,2,27.04
590,20,2,12.75
591,30,3,78.03
591,3,2,112.67
591,6,1,73.1
592,18,2,63.64
593,35,2,111.64
594,13,2,13.99
594,25,1,53.3
595,50,3,115.09
596,25,2,53.3
596,16,3,72.74
597,13,2,13.99
598,34,3,13.52
599,31,2,98.88
599,44,2,22.66
600,11,3,64.18
600,47,1,15.55
600,48,3,68.98
601,8,2,106.22
601,31,3,98.88
601,20,1,12.75
601,24,1,117.95
601,43,1,35.98
602,16,3,72.74
603,21,1,126.16
603,11,2,64.18
603,38,1,78.0
603,26,1,39.25
604,3,3,112.67
605,45,3,62.97
605,10,2,50.26
605,50,1,115.09
605,16,1,72.74
606,6,3,73.1
606,40,2,87.68
606,49,3,121.76
606,4,1,69.99
607,42,1,89.21
607,45,3,62.97
607,7,1,36.5
608,15,2,37.21
608,36,3,79.99
608,49,2,121.76
608,29,3,33.38
609,2,3,34.78
609,25,2,53.3
610,17,1,58.6
610,32,3,12.69
611,36,2,79.99
611,35,3,111.64
611,32,1,12.69
611,37,1,56.37
612,23,2,65.95
612,47,2,15.55
612,18,3,63.64
612,36,1,79.99
612,5,3,89.12
613,29,2,33.38
613,17,3,58.6
614,30,1,78.03
614,50,3,115.09
614,33,2,68.6
615,2,3,34.78
615,24,3,117.95
616,21,3,126.16
616,5,3,89.12
617,25,1,53.3
617,34,3,13.52
617,32,3,12.69
617,10,3,50.26
617,19,2,61.23
618,42,2,89.21
618,8,1,106.22
618,34,3,13.52
618,5,1,89.12
619,12,1,89.66
619,13,1,13.99
620,13,1,13.99
620,3,3,112.67
620,42,2,89.21
620,43,2,35.98
621,40,3,87.68
621,38,2,78.0
621,4,2,69.99
621,15,3,37.21
621,46,1,7.64
622,14,3,105.38
623,6,2,73.1
623,41,1,121.94
623,24,3,117.95
623,48,2,68.98
624,46,1,7.64
624,40,2,87.68
624,34,1,13.52
625,20,1,12.75
626,34,1,13.52
626,7,3,36.5
627,35,2,111.64
627,13,1,13.99
628,43,1,35.98
628,37,3,56.37
628,12,3,89.66
628,48,3,68.98
628,27,3,41.73
629,50,3,115.09
630,23,3,65.95
630,30,3,78.03
630,43,2,35.98
630,7,1,36.5
630,12,3,89.66
631,33,2,68.6
631,43,1,35.98
631,35,3,111.64
631,29,2,33.38
632,36,2,79.99
632,24,2,117.95
632,49,3,121.76
633,47,2,15.55
633,39,1,82.99
633,37,3,56.37
633,14,2,105.38
634,48,2,68.98
634,24,2,117.95
634,29,2,33.38
634,1,3,93.91
634,3,2,112.67
635,2,3,34.78
635,9,2,18.15
635,1,2,93.91
635,15,1,37.21
635,21,1,126.16
636,36,3,79.99
636,36,3,79.99
636,37,1,56.37
637,3,2,112.67
638,10,1,50.26
638,17,2,58.6
638,38,1,78.0
639,17,2,58.6
639,6,3,73.1
640,37,1,56.37
640,47,1,15.55
640,47,2,15.55
640,31,1,98.88
641,45,3,62.97
641,37,1,56.37
641,39,3,82.99
641,20,1,12.75
642,25,1,53.3
642,50,1,115.09
642,50,2,115.09
642,23,2,65.95
642,27,1,41.73
643,48,3,68.98
643,39,1,82.99
644,4,2,69.99
644,34,1,13.52
644,21,3,126.16
644,37,1,56.37
645,33,3,68.6
645,15,1,37.21
645,4,3,69.99
646,29,3,33.38
646,37,3,56.37
646,6,1,73.1
646,28,2,25.62
647,10,1,50.26
647,22,1,27.04
647,31,3,98.88
647,48,1,68.98
648,26,2,39.25
648,6,2,73.1
648,33,2,68.6
648,50,3,115.09
648,9,1,18.15
649,36,1,79.99
649,32,2,12.69
649,42,3,89.21
649,13,3,13.99
650,48,3,68.98
650,16,1,72.74
650,5,2,89.12
650,50,2,115.09
650,21,3,126.16
651,6,1,73.1
651,43,2,35.98
651,28,2,25.62
651,23,1,65.95
651,21,2,126.16
652,42,1,89.21
652,50,2,115.09
652,11,2,64.18
652,40,2,87.68
652,40,1,87.68
653,3,1,112.67
653,13,3,13.99
653,24,1,117.95
653,49,3,121.76
654,8,3,106.22
655,16,3,72.74
656,19,1,61.23
656,22,3,27.04
657,20,2,12.75
658,2,2,34.78
658,14,3,105.38
658,35,1,111.64
658,14,3,105.38
659,49,2,121.76
659,36,2,79.99
659,40,3,87.68
659,10,3,50.26
659,45,3,62.97
660,25,3,53.3
661,3,2,112.67
661,11,1,64.18
661,19,1,61.23
661,45,3,62.97
661,18,1,63.64
662,42,1,89.21
662,5,2,89.12
662,43,2,35.98
662,43,3,35.98
663,7,1,36.5
663,19,3,61.23
663,25,1,53.3
664,33,3,68.6
664,7,2,36.5
664,32,3,12.69
664,35,1,111.64
665,13,3,13.99
665,30,3,78.03
666,3,1,112.67
667,20,2,12.75
667,32,2,12.69
667,48,1,68.98
667,2,2,34.78
667,44,2,22.66
668,41,2,121.94
668,16,3,72.74
668,18,1,63.64
669,25,1,53.3
669,36,2,79.99
669,15,1,37.21
670,26,3,39.25
670,9,1,18.15
670,47,2,15.55
671,44,3,22.66
671,41,3,121.94
671,15,2,37.21
671,16,3,72.74
671,10,2,50.26
672,39,2,82.99
672,29,3,33.38
672,9,1,18.15
673,38,3,78.0
673,44,1,22.66
674,20,3,12.75
674,46,3,7.64
675,28,1,25.62
675,42,3,89.21
676,21,1,126.16
676,36,3,79.99
677,12,2,89.66
678,47,1,15.55
678,49,2,121.76
679,27,2,41.73
679,29,3,33.38
679,41,3,121.94
679,18,1,63.64
680,7,1,36.5
680,12,1,89.66
681,40,2,87.68
681,39,3,82.99
681,40,1,87.68
681,39,1,82.99
681,15,3,37.21
682,23,1,65.95
683,9,3,18.15
683,39,2,82.99
683,46,3,7.64
683,24,1,117.95
684,32,2,12.69
684,9,1,18.15
684,13,1,13.99
684,3,2,112.67
685,18,2,63.64
686,48,3,68.98
686,13,1,13.99
687,12,2,89.66
688,32,3,12.69
688,21,2,126.16
688,16,2,72.74
688,26,1,39.25
688,39,3,82.99
689,47,2,15.55
689,26,3,39.25
689,48,3,68.98
689,39,3,82.99
690,42,3,89.21
690,3,3,112.67
690,7,2,36.5
690,30,1,78.03
690,16,3,72.74
691,26,3,39.25
691,3,3,112.67
691,25,3,53.3
691,49,3,121.76
691,4,1,69.99
692,29,2,33.38
692,20,2,12.75
692,30,1,78.03
693,19,3,61.23
693,4,3,69.99
693,34,1,13.52
693,30,3,78.03
694,6,3,73.1
694,33,1,68.6
694,12,3,89.66
694,45,3,62.97
695,26,2,39.25
695,21,2,126.16
696,12,2,89.66
697,46,1,7.64
697,30,1,78.03
697,17,2,58.6
697,45,3,62.97
697,46,1,7.64
698,6,1,73.1
699,41,2,121.94
699,6,3,73.1
699,46,2,7.64
699,47,3,15.55
700,11,2,64.18
700,36,2,79.99
700,3,1,112.67
700,22,3,27.04
700,43,1,35.98
701,10,1,50.26
701,50,3,115.09
702,27,2,41.73
703,47,2,15.55
703,19,3,61.23
703,12,1,89.66
704,13,1,13.99
704,40,2,87.68
705,30,2,78.03
706,35,1,111.64
706,39,2,82.99
706,16,1,72.74
706,38,3,78.0
707,30,2,78.03
707,29,1,33.38
707,39,3,82.99
707,1,1,93.91
708,18,3,63.64
708,41,3,121.94
708,14,1,105.38
708,12,1,89.66
708,4,3,69.99
709,3,1,112.67
709,3,3,112.67
709,37,3,56.37
710,22,1,27.04
710,4,1,69.99
710,27,1,41.73
711,44,2,22.66
711,40,3,87.68
712,37,3,56.37
712,12,2,89.66
712,48,3,68.98
712,24,1,117.95
712,6,2,73.1
713,24,2,117.95
713,5,2,89.12
713,36,1,79.99
714,31,1,98.88
714,8,3,106.22
714,18,2,63.64
715,27,3,41.73
715,14,3,105.38
715,14,3,105.38
715,4,1,69.99
715,37,3,56.37
716,6,2,73.1
716,47,3,15.55
716,39,3,82.99
716,19,2,61.23
716,39,2,82.99
717,34,3,13.52
717,40,2,87.68
717,9,3,18.15
718,32,3,12.69
718,47,3,15.55
718,32,2,12.69
718,12,3,89.66
718,15,3,37.21
719,13,1,13.99
719,8,1,106.22
719,30,3,78.03
720,48,1,68.98
721,27,2,41.73
721,3,2,112.67
721,23,3,65.95
721,41,1,121.94
721,1,3,93.91
722,45,2,62.97
722,17,1,58.6
723,20,3,12.75
723,36,2,79.99
723,50,1,115.09
724,44,2,22.66
725,26,3,39.25
725,37,3,56.37
725,2,1,34.78
726,22,2,27.04
726,44,2,22.66
727,3,3,112.67
727,9,2,18.15
727,10,3,50.26
727,30,3,78.03
728,30,2,78.03
728,48,1,68.98
728,34,2,13.52
729,47,3,15.55
729,21,3,126.16
729,35,1,111.64
729,14,3,105.38
729,44,2,22.66
730,5,1,89.12
730,18,1,63.64
730,22,2,27.04
731,11,3,64.18
731,39,2,82.99
731,12,3,89.66
731,8,2,106.22
731,46,2,7.64
732,18,2,63.64
733,32,1,12.69
734,29,2,33.38
734,14,3,105.38
734,20,1,12.75
735,24,1,117.95
736,6,2,73.1
736,33,1,68.6
737,33,1,68.6
737,13,2,13.99
737,31,3,98.88
737,34,2,13.52
738,10,1,50.26
738,34,3,13.52
738,9,1,18.15
739,30,2,78.03
740,8,1,106.22
740,20,1,12.75
740,44,3,22.66
740,6,2,73.1
740,30,1,78.03
741,34,3,13.52
742,2,3,34.78
742,49,2,121.76
742,41,1,121.94
743,13,1,13.99
743,19,2,61.23
743,35,2,111.64
744,43,1,35.98
744,18,1,63.64
744,11,2,64.18
744,8,1,106.22
745,36,3,79.99
745,7,1,36.5
745,35,2,111.64
745,36,2,79.99
745,18,1,63.64
746,37,1,56.37
746,11,1,64.18
746,20,3,12.75
747,35,2,111.64
747,4,1,69.99
747,2,2,34.78
748,7,2,36.5
749,6,2,73.1
750,12,3,89.66
750,39,3,82.99
750,41,3,121.94
750,45,2,62.97
751,23,2,65.95
751,22,1,27.04
751,46,3,7.64
751,35,1,111.64
751,49,2,121.76
752,9,1,18.15
752,45,2,62.97
752,7,2,36.5
752,20,3,12.75
752,42,3,89.21
753,31,1,98.88
753,15,1,37.21
753,40,2,87.68
753,24,2,117.95
754,45,3,62.97
754,22,2,27.04
755,32,1,12.69
755,5,2,89.12
755,8,2,106.22
755,31,2,98.88
756,19,2,61.23
756,39,3,82.99
757,33,1,68.6
757,26,3,39.25
758,21,3,126.16
759,20,3,12.75
760,26,3,39.25
760,27,1,41.73
760,40,1,87.68
760,36,1,79.99
761,25,1,53.3
761,22,1,27.04
761,45,3,62.97
761,28,2,25.62
762,22,3,27.04
762,45,1,62.97
762,12,3,89.66
762,43,1,35.98
762,48,3,68.98
763,32,1,12.69
763,38,3,78.0
763,30,2,78.03
763,36,1,79.99
763,29,1,33.38
764,26,1,39.25
764,39,1,82.99
764,44,3,22.66
765,21,2,126.16
765,42,3,89.21
765,4,1,69.99
765,14,1,105.38
766,49,3,121.76
766,1,1,93.91
766,43,1,35.98
766,29,3,33.38
766,19,2,61.23
767,37,2,56.37
767,13,1,13.99
767,44,2,22.66
767,20,3,12.75
767,44,2,22.66
768,46,2,7.64
768,6,3,73.1
768,1,3,93.91
768,33,2,68.6
769,19,1,61.23
769,24,3,117.95
770,1,3,93.91
771,23,1,65.95
771,19,1,61.23
771,16,2,72.74
771,45,3,62.97
771,26,3,39.25
772,46,2,7.64
772,26,2,39.25
772,28,3,25.62
773,43,1,35.98
773,31,1,98.88
774,36,2,79.99
774,24,2,117.95
775,19,3,61.23
775,9,1,18.15
776,5,3,89.12
777,10,3,50.26
778,43,2,35.98
778,9,1,18.15
778,9,3,18.15
778,27,2,41.73
779,28,3,25.62
779,12,2,89.66
779,33,2,68.6
779,36,2,79.99
779,25,2,53.3
780,12,2,89.66
780,39,1,82.99
781,32,3,12.69
781,16,3,72.74
781,33,2,68.6
781,27,3,41.73
781,37,2,56.37
782,3,3,112.67
783,46,2,7.64
783,8,3,106.22
783,31,3,98.88
783,6,1,73.1
784,49,2,121.76
784,30,3,78.03
784,6,3,73.1
784,40,1,87.68
784,16,2,72.74
785,44,3,22.66
786,38,2,78.0
786,40,1,87.68
786,22,3,27.04
786,50,1,115.09
786,31,2,98.88
787,31,3,98.88
787,47,2,15.55
787,27,2,41.73
787,19,2,61.23
787,11,1,64.18
788,48,2,68.98
788,47,3,15.55
788,17,1,58.6
788,41,2,121.94
788,38,1,78.0
789,4,3,69.99
789,19,3,61.23
789,40,1,87.68
789,19,2,61.23
789,6,1,73.1
790,5,2,89.12
790,17,1,58.6
790,40,2,87.68
790,18,2,63.64
790,1,3,93.91
791,39,1,82.99
792,48,1,68.98
792,43,2,35.98
792,24,1,117.95
792,17,3,58.6
792,16,2,72.74
793,34,1,13.52
793,22,1,27.04
794,39,1,82.99
794,32,2,12.69
795,16,3,72.74
795,29,3,33.38
795,41,1,121.94
795,14,3,105.38
796,4,3,69.99
796,17,1,58.6
796,4,1,69.99
797,26,2,39.25
797,20,2,12.75
797,48,3,68.98
797,15,2,37.21
798,31,2,98.88
798,10,3,50.26
798,28,1,25.62
798,19,2,61.23
799,44,2,22.66
799,34,3,13.52
799,3,1,112.67
799,35,3,111.64
800,28,3,25.62
800,42,2,89.21
800,22,2,27.04
801,7,2,36.5
801,42,3,89.21
801,26,2,39.25
802,47,3,15.55
802,38,1,78.0
803,22,3,27.04
803,45,1,62.97
803,21,3,126.16
803,1,3,93.91
803,1,1,93.91
804,27,1,41.73
805,7,3,36.5
805,29,2,33.38
805,15,3,37.21
805,19,2,61.23
805,13,1,13.99
806,40,1,87.68
807,39,3,82.99
808,39,3,82.99
808,8,3,106.22
809,6,3,73.1
810,25,3,53.3
810,49,3,121.76
811,12,1,89.66
811,45,1,62.97
811,17,2,58.6
811,30,3,78.03
811,5,3,89.12
812,18,2,63.64
812,45,3,62.97
812,50,2,115.09
812,17,1,58.6
813,18,1,63.64
814,25,2,53.3
814,4,2,69.99
814,17,1,58.6
814,29,1,33.38
815,13,3,13.99
815,26,1,39.25
815,42,2,89.21
815,7,1,36.5
816,50,2,115.09
816,14,3,105.38
816,42,1,89.21
816,29,3,33.38
816,17,1,58.6
817,5,1,89.12
818,47,2,15.55
818,50,2,115.09
818,2,2,34.78
818,10,3,50.26
818,41,1,121.94
819,43,2,35.98
820,10,3,50.26
820,22,2,27.04
820,37,1,56.37
821,46,2,7.64
821,31,2,98.88
821,26,3,39.25
821,50,1,115.09
821,35,1,111.64
822,25,3,53.3
823,8,3,106.22
823,35,2,111.64
823,22,3,27.04
823,20,2,12.75
824,41,3,121.94
825,24,3,117.95
826,6,2,73.1
826,49,2,121.76
826,42,1,89.21
827,36,1,79.99
827,25,3,53.3
828,20,3,12.75
828,25,1,53.3
829,32,1,12.69
829,41,2,121.94
829,48,1,68.98
830,3,1,112.67
830,2,3,34.78
831,16,2,72.74
831,25,1,53.3
831,35,3,111.64
831,20,2,12.75
831,35,2,111.64
832,3,2,112.67
833,22,3,27.04
834,26,1,39.25
835,42,3,89.21
835,34,2,13.52
836,10,3,50.26
836,38,1,78.0
836,5,1,89.12
836,48,1,68.98
836,32,3,12.69
837,31,3,98.88
838,16,3,72.74
839,1,1,93.91
839,41,1,121.94
840,7,2,36.5
840,40,1,87.68
840,38,1,78.0
841,8,2,106.22
842,40,1,87.68
842,5,1,89.12
842,28,2,25.62
842,48,3,68.98
842,26,2,39.25
843,44,3,22.66
844,9,2,18.15
844,14,1,105.38
844,38,1,78.0
844,22,1,27.04
844,8,2,106.22
845,49,2,121.76
845,11,3,64.18
846,36,1,79.99
846,29,1,33.38
846,38,1,78.0
847,7,3,36.5
847,40,2,87.68
848,2,2,34.78
848,6,1,73.1
849,12,1,89.66
850,19,2,61.23
850,45,2,62.97
850,45,1,62.97
850,14,1,105.38
850,41,2,121.94
851,29,2,33.38
851,16,1,72.74
851,40,3,87.68
851,3,3,112.67
851,12,3,89.66
852,40,1,87.68
852,41,2,121.94
852,23,2,65.95
852,1,3,93.91
853,13,1,13.99
853,34,1,13.52
854,24,3,117.95
854,33,1,68.6
854,30,3,78.03
854,43,1,35.98
854,18,1,63.64
855,8,1,106.22
855,44,2,22.66
856,12,1,89.66
856,43,1,35.98
856,4,3,69.99
856,24,2,117.95
857,28,2,25.62
857,22,3,27.04
858,3,1,112.67
858,48,1,68.98
858,35,1,111.64
858,11,1,64.18
859,33,1,68.6
859,5,1,89.12
859,47,2,15.55
859,38,3,78.0
860,27,1,41.73
860,48,3,68.98
860,21,1,126.16
861,21,1,126.16
862,16,3,72.74
863,13,2,13.99
863,15,1,37.21
863,31,3,98.88
863,32,1,12.69
864,10,1,50.26
864,40,2,87.68
864,12,2,89.66
864,24,1,117.95
865,47,1,15.55
865,41,2,121.94
865,18,1,63.64
865,22,1,27.04
866,45,3,62.97
867,18,1,63.64
868,30,2,78.03
869,11,2,64.18
869,15,2,37.21
869,39,1,82.99
869,41,3,121.94
870,37,3,56.37
870,15,1,37.21
871,34,2,13.52
871,14,3,105.38
871,31,2,98.88
871,18,1,63.64
872,48,1,68.98
872,16,2,72.74
872,28,3,25.62
872,15,3,37.21
873,37,1,56.37
873,27,1,41.73
874,31,3,98.88
875,3,2,112.67
875,34,2,13.52
875,31,3,98.88
875,7,2,36.5
875,32,1,12.69
876,36,1,79.99
877,14,1,105.38
877,23,2,65.95
877,16,3,72.74
877,6,1,73.1
878,43,2,35.98
878,11,3,64.18
878,30,3,78.03
878,48,3,68.98
879,30,2,78.03
880,46,2,7.64
880,12,2,89.66
881,46,3,7.64
881,1,3,93.91
881,5,2,89.12
881,45,2,62.97
882,3,2,112.67
882,28,2,25.62
882,45,3,62.97
882,35,3,111.64
882,14,3,105.38
883,40,2,87.68
884,33,3,68.6
885,4,1,69.99
885,25,2,53.3
885,30,3,78.03
886,24,2,117.95
887,42,3,89.21
887,46,1,7.64
888,46,1,7.64
888,9,2,18.15
888,16,3,72.74
888,8,3,106.22
888,31,3,98.88
889,45,1,62.97
889,49,3,121.76
889,49,1,121.76
889,21,2,126.16
889,18,3,63.64
890,18,1,63.64
890,5,2,89.12
890,23,2,65.95
890,32,3,12.69
891,8,2,106.22
891,46,3,7.64
891,44,3,22.66
891,19,2,61.23
891,40,2,87.68
892,13,2,13.99
893,6,2,73.1
894,19,1,61.23
894,7,1,36.5
895,8,3,106.22
895,10,2,50.26
895,10,1,50.26
896,41,1,121.94
896,19,2,61.23
896,44,3,22.66
896,9,2,18.15
896,23,2,65.95
897,48,3,68.98
897,2,2,34.78
897,13,1,13.99
897,2,1,34.78
898,42,2,89.21
898,27,3,41.73
898,22,3,27.04
898,42,2,89.21
898,32,3,12.69
899,36,2,79.99
899,30,2,78.03
899,37,1,56.37
899,20,1,12.75
899,17,1,58.6
900,24,2,117.95
900,50,1,115.09
900,10,2,50.26
900,19,2,61.23
901,40,1,87.68
901,46,3,7.64
902,12,1,89.66
902,46,3,7.64
902,43,1,35.98
903,16,1,72.74
903,3,2,112.67
904,9,2,18.15
904,17,2,58.6
904,12,1,89.66
904,36,3,79.99
904,3,3,112.67
905,23,1,65.95
905,24,2,117.95
905,35,1,111.64
906,20,1,12.75
906,2,2,34.78
906,32,1,12.69
906,30,2,78.03
906,10,1,50.26
907,33,2,68.6
907,42,3,89.21
907,19,2,61.23
907,19,3,61.23
907,43,1,35.98
908,47,2,15.55
908,22,3,27.04
908,8,3,106.22
908,31,1,98.88
908,9,3,18.15
909,8,2,106.22
909,2,2,34.78
909,40,1,87.68
909,29,2,33.38
909,6,2,73.1
910,39,3,82.99
911,38,3,78.0
911,15,2,37.21
912,2,1,34.78
912,35,2,111.64
913,33,2,68.6
914,32,2,12.69
914,39,3,82.99
915,4,3,69.99
915,24,2,117.95
915,10,3,50.26
915,28,2,25.62
915,25,2,53.3
916,19,2,61.23
917,20,2,12.75
917,36,1,79.99
917,14,3,105.38
918,48,2,68.98
918,29,2,33.38
918,11,3,64.18
918,28,3,25.62
919,9,3,18.15
919,39,1,82.99
919,10,1,50.26
919,20,2,12.75
920,22,1,27.04
920,38,2,78.0
920,6,1,73.1
920,27,3,41.73
920,18,2,63.64
921,36,2,79.99
921,46,3,7.64
922,13,1,13.99
922,25,2,53.3
923,32,1,12.69
923,20,3,12.75
923,20,2,12.75
923,36,3,79.99
923,30,1,78.03
924,1,1,93.91
925,20,3,12.75
925,41,2,121.94
925,8,3,106.22
926,27,1,41.73
926,32,3,12.69
926,42,1,89.21
927,8,2,106.22
928,5,3,89.12
928,48,2,68.98
928,38,2,78.0
928,37,2,56.37
929,41,3,121.94
929,31,3,98.88
929,8,2,106.22
930,47,3,15.55
930,2,2,34.78
930,11,3,64.18
930,4,1,69.99
930,21,2,126.16
931,23,1,65.95
931,4,2,69.99
932,27,3,41.73
932,23,1,65.95
932,19,2,61.23
933,41,1,121.94
933,33,1,68.6
933,50,3,115.09
933,12,1,89.66
933,39,1,82.99
934,21,2,126.16
934,44,2,22.66
934,18,3,63.64
934,45,3,62.97
934,24,1,117.95
935,38,2,78.0
935,10,1,50.26
935,9,3,18.15
935,19,2,61.23
935,50,2,115.09
936,22,1,27.04
936,7,1,36.5
936,10,3,50.26
936,15,1,37.21
937,40,3,87.68
937,34,3,13.52
937,46,3,7.64
937,45,1,62.97
937,27,2,41.73
938,8,1,106.22
939,31,2,98.88
940,45,2,62.97
940,9,2,18.15
940,39,3,82.99
941,12,3,89.66
941,20,1,12.75
941,48,1,68.98
942,9,3,18.15
942,10,3,50.26
943,20,1,12.75
943,14,1,105.38
944,28,3,25.62
945,5,1,89.12
946,49,2,121.76
946,3,1,112.67
946,7,1,36.5
946,43,3,35.98
947,4,2,69.99
947,8,2,106.22
947,3,1,112.67
947,20,3,12.75
947,1,1,93.91
948,39,1,82.99
949,13,1,13.99
949,43,2,35.98
949,2,1,34.78
949,10,3,50.26
949,18,3,63.64
950,23,1,65.95
950,33,3,68.6
950,40,1,87.68
951,37,1,56.37
951,7,3,36.5
951,49,1,121.76
951,34,1,13.52
951,46,1,7.64
952,11,3,64.18
952,1,3,93.91
952,7,1,36.5
953,46,2,7.64
953,24,3,117.95
953,38,1,78.0
953,29,3,33.38
953,7,1,36.5
954,25,2,53.3
954,14,3,105.38
954,15,2,37.21
955,49,2,121.76
956,30,1,78.03
957,9,2,18.15
957,49,2,121.76
957,46,2,7.64
957,36,3,79.99
957,3,1,112.67
958,32,1,12.69
958,25,2,53.3
958,30,3,78.03
959,44,2,22.66
959,15,3,37.21
959,27,2,41.73
960,13,1,13.99
960,31,3,98.88
960,24,1,117.95
960,1,3,93.91
961,44,1,22.66
961,26,2,39.25
961,34,3,13.52
961,44,1,22.66
962,10,2,50.26
963,45,3,62.97
963,7,3,36.5
963,11,1,64.18
963,24,1,117.95
964,13,3,13.99
964,26,1,39.25
964,15,2,37.21
965,18,3,63.64
965,50,3,115.09
965,38,2,78.0
965,49,3,121.76
966,23,2,65.95
966,43,3,35.98
966,26,2,39.25
966,33,2,68.6
967,50,2,115.09
967,7,1,36.5
968,32,2,12.69
968,15,3,37.21
968,9,1,18.15
969,48,1,68.98
970,32,3,12.69
971,12,2,89.66
972,44,2,22.66
972,10,2,50.26
972,40,3,87.68
972,7,1,36.5
972,43,3,35.98
973,30,1,78.03
973,19,3,61.23
973,32,2,12.69
973,33,2,68.6
974,22,3,27.04
974,35,1,111.64
974,49,1,121.76
974,28,1,25.62
974,25,2,53.3
975,25,2,53.3
975,30,1,78.03
975,3,1,112.67
976,43,2,35.98
976,46,1,7.64
976,32,2,12.69
976,9,2,18.15
976,46,2,7.64
977,49,1,121.76
977,37,3,56.37
977,32,3,12.69
977,36,3,79.99
978,37,2,56.37
978,31,3,98.88
978,11,3,64.18
978,4,2,69.99
978,17,2,58.6
979,25,3,53.3
979,44,2,22.66
979,50,2,115.09
979,21,1,126.16
979,2,3,34.78
980,9,2,18.15
981,48,3,68.98
981,2,3,34.78
981,22,2,27.04
982,28,2,25.62
983,27,2,41.73
983,4,3,69.99
983,16,1,72.74
984,42,2,89.21
984,38,1,78.0
985,20,1,12.75
986,11,1,64.18
986,35,2,111.64
986,3,2,112.67
987,37,3,56.37
987,27,2,41.73
987,2,3,34.78
987,31,3,98.88
988,21,2,126.16
989,25,2,53.3
989,37,1,56.37
989,32,1,12.69
989,45,3,62.97
989,14,2,105.38
990,33,3,68.6
990,22,1,27.04
990,40,2,87.68
990,24,2,117.95
991,32,3,12.69
991,5,3,89.12
992,19,2,61.23
992,4,2,69.99
993,26,1,39.25
993,40,3,87.68
993,6,3,73.1
993,38,1,78.0
993,38,2,78.0
994,5,3,89.12
994,34,2,13.52
994,28,1,25.62
995,5,3,89.12
995,20,3,12.75
995,20,2,12.75
996,21,1,126.16
996,27,2,41.73
996,17,3,58.6
996,33,2,68.6
996,43,3,35.98
997,2,3,34.78
997,46,3,7.64
998,37,2,56.37
998,14,3,105.38
999,18,3,63.64
999,35,3,111.64
999,50,2,115.09
999,37,3,56.37
1000,34,1,13.52
